id;date;text;Dan;Tobias;Agreement;Ying;Daniel;Agreement
1211034825102176257;Sat Dec 28 21:22:56 +0000 2019;"On the #7th night of #Chanukkah, I'm thinking of the plight of #refugees from war, tyranny &amp; destitution. #RefugeesWelcome #HumanRights #IncreaseTheLight #TikkunOlam ⁦@CityofSanctuary⁩ ⁦@safepassageuk⁩ ⁦@BHPS2011⁩ @LiberalJudaism";1;1;1;;;1
1235003059291459584;Wed Mar 04 00:44:09 +0000 2020;"#Berlin: 3.500-8.000 kommen zu spontaner Demo für #Solidarität mit #Geflüchteten in #Griechenland:
#Proteste #Flüchtlinge #seebruecke #WirHabenPlatz #GrenzenAuf #LebenRetten #griechenland #kampfdemfaschismus #nichtmeineEU #refugeeswelcome #solidarity";1;1;1;;;1
1206909271755104256;Tue Dec 17 12:09:28 +0000 2019;"@HeikoMaas Gut, dass Sie ""vermeintlich"" schreiben! Denn das war sie, die #Flüchtlingskrise! Wir brauchen auch keine Flüchtlingschance, sondern eine Ursachenbekämpfung und Stopp westlicher Zerstörung in betreffenden Ländern!


Das hilft auch den #Migranten am Meisten!";1;1;1;;;1
1249030965227327488;Sat Apr 11 17:46:02 +0000 2020;#refugees #refugeecrisis 1 author encyclopedia site:Will Islam take over Europe or will #Muslims gradually integrate http://bit.ly/SesVJ7;3;3;3;;;3
1208339278754975745;Sat Dec 21 10:51:48 +0000 2019;@M_Wolffsohn Wie verdorben ist dieses Land wenn nach einigen Jahren #Flüchtlingskrise ganz elementare und offensichtliche Sachverhalte als neue Argumente vorgebracht werden. War das nicht schon jedem im Jahr 2015 klar und durfte nicht ausgesprochen werden?;2;2;2;;;2
1208087378218364929;Fri Dec 20 18:10:50 +0000 2019;Jesus was a child #refugee #RefugeesWelcome https://twitter.com/MacLeanKatie/status/1207939761769504769;1;1;1;;;1
1230127904429920256;Wed Feb 19 13:52:01 +0000 2020;"#Samos - Islanders &amp; #AsylumSeekers bear the shared brunt of forces beyond their control — like chaos in the Middle East &amp; the cold shoulder of European Union. The Scenic Isle Where the World’s Chaos Comes Home to Roost  https://www.nytimes.com/2020/02/07/world/europe/greece-samos-migrants.html #Greece #RefugeeCrisis #HumanRights";1;1;1;;;1
1258350438673457152;Thu May 07 10:58:18 +0000 2020;"Was die #Abgeordnete|n in den letzten beiden Sitzungen beschlossen haben, können Sie nun in den Beschlussprotokollen der 38. und 39. # Plenarsitzung nachlesen. #Hessen #HLT #Beschlüsse #corona #eurobonds #schuloeffnung 
https://hessischer-landtag.de/termine/38-plenarsitzung-0
https://hessischer-landtag.de/termine/39-plenarsitzung-0";4;4;4;;;4
1205173861895081984;Thu Dec 12 17:13:34 +0000 2019;🎄🎁Migrant Help 𝙣𝙚𝙚𝙙𝙨 𝙮𝙤𝙪𝙧 𝙝𝙚𝙡𝙥 𝙩𝙤 𝙥𝙪𝙩 𝙨𝙢𝙞𝙡𝙚𝙨 𝙤𝙣 𝙥𝙚𝙤𝙥𝙡𝙚'𝙨 𝙛𝙖𝙘𝙚𝙨 𝙩𝙝𝙞𝙨 𝘾𝙝𝙧𝙞𝙨𝙩𝙢𝙖𝙨. 𝙒𝙄𝙇𝙇 𝙔𝙊𝙐 𝙃𝙀𝙇𝙋❓❓❓ #MigrantHelp #ShoeBoxAppeal #Xmas #Christmasgift #Bham #AsylumSeekers #Birmingham;1;1;1;;;1
1187813309535457287;Fri Oct 25 19:28:56 +0000 2019;delighted to be speaking about #constitutional adjudication of #AsylumSeekers' rights in #southafrica and #Israel at @iacl_aidc #PUCP round-table in beautiful Cusco;1;1;1;;;1
1193190023866331137;Sat Nov 09 15:34:04 +0000 2019;"It mostly gets a bad press and plays even worse cricket at times, but Pakistan's ability to absorb #refugees is remarkable. Unsung, but remarkable. 


#RefugeesWelcome #Pakistan #mahirakhan https://twitter.com/Refugees/status/1192045211565744130";1;1;1;;;1
1224423045823111168;Mon Feb 03 20:02:57 +0000 2020;Greek police fire teargas at protesting migrants, refugees on Lesbos - Reuters https://www.reuters.com/article/us-europe-migrants-greece-lesbos-idUSKBN1ZX1QW #RefugeeCrisis #HumanRights;1;1;1;;;1
1225887105835991041;Fri Feb 07 21:00:36 +0000 2020;Extremely proud of our young people  from QPCS performing We Belong to more than 200 of their fellow students and teachers. Thank you to #salusburyworld for commissioning @scarabeusaerial #RefugeesWelcome #SanctuaryCities #Counterpoint;1;1;1;;;1
1202505243176710144;Thu Dec 05 08:29:26 +0000 2019;"Recommend @MESandbu article &amp; thread @michaelxpettis on € internationalisation. My 5€c:
It seems more likely we will get #eurobonds bc they're perceived as needed to defend Europe's position in an uncertain world than bc needed to help Greece, Italy etc.
Thanks #Trump #Xi https://twitter.com/michaelxpettis/status/1202470169416622081";1;4;?;3: I' not sure about the author's attitude. But it mentioned 'help Greece and Italy', so i think it would be relevant;3 but not sure. My gut says there might be some sentiment. 4 otherwise;?
1234903050411823104;Tue Mar 03 18:06:45 +0000 2020;"Greek troops &amp; riot police are on high alert along the land border between #Greece &amp; #Turkey, the main flashpoint in an escalating row between the European Union &amp; Ankara over how to deal with a new wave of #refugees &amp; #migrants https://www.aljazeera.com/news/2020/03/greece-high-alert-turkey-border-200303104752845.html #RefugeeCrisis #HumanRights";3;3;3;;;3
1194535532065435648;Wed Nov 13 08:40:38 +0000 2019;"@CaroRackete Nur weil es KugelHAGEL heisst bedeutet das nicht, dass an der syrischen #Flüchtlingskrise das Klima Schuld ist. 
Wenn man mit billigem Populismus eine Ursache für alle Probleme verantwortlich macht, kommt man auch nicht weiter. Weder nach rechts noch nach links!";3;1;?;3;3;3
1257026954638888966;Sun May 03 19:19:15 +0000 2020;"04th of May! 
Time to get out and do success!
By stefanklueter.photographer


#quarantinelife #actorslife #spreadcourage #motivation #wirschaffendas #schauspielerportrait #suitstyle #inspiration @ Berlin, Germany https://www.instagram.com/p/B_vLiISIUDu/?igshid=13ogzfxg6q5v3";4;4;4;;;4
1235589238554415104;Thu Mar 05 15:33:25 +0000 2020;"Arming civilian people as border patrols couldn't end up differently. Supposedly ""so different"" Greek counterpart of the sea is apparently using the same tactics a dictator like Erdogan already employed in #Gezi long time ago. So amateur... #AsylumSeekers #GreeceAttacksRefugees https://twitter.com/ErikMarquardt/status/1235534497765945345";1;1;1;;;1
1218280939400388608;Fri Jan 17 21:16:25 +0000 2020;"Die Wurzel der #Flüchtlingskrise in #Europa ist der Staatsterrorismus
des islamischen Regimes im #Iran. Ohne dieses Regime hätte es weder Hisbollah noch #ISIS gegeben. 


#IranPlaneCrash
#IranProtest2020
#IranRegimeChange 
#IranProtests";4;4;4;;;4
1233839690496774149;Sat Feb 29 19:41:20 +0000 2020;"Das ist also unser Europa - so gehen wir mir Kindern um?!? Einfach „nur“ ein„Kollateralschaden“ der Inhumanität?? Und niemand, der/die sofortige Änderung herbei führen könnte, reagiert🤬🤬🤬
#nichtmeineeu 
#RefugeesWelcome #unkinderrechtskonvention #Menschenrechte https://twitter.com/Stone_SkyNews/status/1233763969510387717";1;1;1;;;1
1181608864501948417;Tue Oct 08 16:34:41 +0000 2019;Look @Retasleeds @lassnleeds @PAFRAS_Leeds @refugeecouncil please promote to your networks! #RefugeesWelcome #refugeecrisis https://twitter.com/LeedsTrinity/status/1181552617459261442;1;4;?;1:  Rule1.5, 1.6;1 simce refugee councils helps refugees;1
1198215258239913985;Sat Nov 23 12:22:33 +0000 2019;"Yasemin &amp; her 4 children say GoodBye: the ongoing crackdown on #Gülen supporters forced thousands of teachers, managers, public servants out of their homecountry #Turkey. As a result of the persecutions some 25.000 Turkish #AsylumSeekers asked for EU protection in 2018 @euronews";3;3;3;;;3
1172369200037253122;Fri Sep 13 04:39:33 +0000 2019;The full legacy itw with the President of the @EU_Commission @JunckerEU on @euronews #Brexit #europeanwayoflife #refugeecrisis #Greece #UrsulavonderLeyen https://www.euronews.com/2019/09/12/brexit-the-failure-of-britain-not-of-the-european-union-juncker;3;3;3;;;3
1184467277229547522;Wed Oct 16 13:52:59 +0000 2019;"Great to meet with one of our Patrons today, Dr Hari Shukla CBE. Thanks for coming to see us! 
#asylumseekers #Refugees";4;3 => 1;?;1: I think Patron means people who give support to others. And plus #refugee, I think here it means support for refugees;1, agreeing with Ying + Shukla helps vulnarable people;1
1257715967368540160;Tue May 05 16:57:08 +0000 2020;"Grüße vom Balkon 


Bleibt gesund 
#StayAtHome #FlattenTheCurve #wirschaffendas #COVID2019de #Covid19 #ZuHauseBleiben #wirBleibenZuHause #CoronaVirusDE #bleibtzuhause  #supportyourlocals";4;4;4;;;4
1262114697983283201;Sun May 17 20:16:07 +0000 2020;"Auch die #Flüchtlingskrise wurde auf #Kika erklärt.


Ich habe da noch ein Pärchen in Erinnerung, mit dem den Kindern erklärt wurde,


dass man mit einem 17-Jährigen Schwarzafrikaner, der aussieht wie 30 als 15-Jährige Rheinländerin sehr glücklich werden kann.


#AnneWill";2;2;2;;;2
1259041751110746112;Sat May 09 08:45:19 +0000 2020;"I'm moderating a discussion today between MEPs @alviinaalametsa and @kimvsparrentak
#EuropeDay


We'll be talking about how to rebuild Europe after the current crisis and solutions like #BasicIncome, #Eurobonds and the #GreenDeal.
Check it out
https://www.facebook.com/vihreatnuoret/videos/718247105612047/";3;3;3;;;3
1192910169635774464;Fri Nov 08 21:02:02 +0000 2019;#refugees #refugeecrisis 1 author encyclopedia site:Will Islam take over Europe or will #Muslims gradually integrate http://bit.ly/SesVJ7;3;3;3;;;3
1219950298048925697;Wed Jan 22 11:49:51 +0000 2020;#Breaking| #Lebanon should restructure #Eurobonds, including issue due in March, and seek #IMF funding - ex-labor minister;4;4;4;;;4
1209189625727725575;Mon Dec 23 19:10:47 +0000 2019;Das not fehlt  #RefugeesWelcome;2;2;2;;;2
1250466544305549321;Wed Apr 15 16:50:31 +0000 2020;"#Greece transferring unaccompanied children from overcrowded migrant camps to European countries
More than 1,000 relocations are being expedited amid concerns over the impact of #Coronavirus on vulnerable groups https://www.reuters.com/article/uk-europe-migrants-greece-unaccompanied-idUKKCN21X1EX?taid=5e96ed53922b190001d7f92f&utm_campaign=trueAnthem:+Trending+Content&utm_medium=trueAnthem&utm_source=twitter #RefugeeCrisis #HumanRights #SaveTheChildren";1;1;1;;;1
1182685317637259265;Fri Oct 11 15:52:07 +0000 2019;"Happy to be part of The Humanitarian Aid Program team 🙂 Please follow our new Twitter page! @AidProgram 


#humanitarian #humanitarianaid #aid #NGO #HumanRights #volunteer #socialmedia #Refugees #RefugeesWelcome";1;1;1;;;1
1250347322522742784;Wed Apr 15 08:56:46 +0000 2020;Germany calls on migrant medics to help tackle coronavirus | Country has 14,000 Syrian refugee doctors waiting for qualifications to be approved  https://www.theguardian.com/world/2020/apr/14/germany-calls-on-migrant-medics-to-help-tackle-coronavirus #RefugeeCrisis #HumanRights #Coronavirus #COVID19;1;1;1;;;1
1225933519752486913;Sat Feb 08 00:05:02 +0000 2020;#refugees #refugeecrisis 1 author encyclopedia site:Will Islam take over Europe or will #Muslims gradually integrate http://bit.ly/SesVJ7;3;3;3;;;3
1171099080648531969;Mon Sep 09 16:32:33 +0000 2019;"#Flüchtlingskrise 2015 bis heute - ein fortdauernde #Verfassungsbruch der #GroKo und #Merkel
-
#Asylanten #Asyl #Asylpolitik #Wirtschaftsflüchtlinge #Wirtschaftsmigranten #EU #Flüchtlinge #Asylbetrug #Steuerzahler #Steuer
-
Hier sehen Sie das #VIDEO dazu = http://www.berlinertageszeitung.de/component/yendifvideoshare/video/3610-fluechtlingskrise-2015-bis-heute-quot-ein-fortdauernde-verfassungsbruch-quot.html";3;2;?;2：I think it shows opposition to Merkel about reception of refugees;2;2
1217101821673644034;Tue Jan 14 15:11:01 +0000 2020;"Belarusian #Finance Ministry considering floating $1-1.2bn worth of #eurobonds in Q1 2020
https://eng.belta.by/economics/view/belarusian-finance-ministry-considering-floating-1-12bn-worth-of-eurobonds-in-q1-2020-127266-2020/
#Belarus #economy @FinancialTimes @FinancialXpress @TheEconomist @EconomicTimes";4;4;4;;;4
1201223308596928514;Sun Dec 01 19:35:29 +0000 2019;"An utterly devastating story of asylum &amp; the emotional implications of being displaced. Occasionally faltering plot progression but strong characters &amp; a deeply stirring read. Would recommend. #walkerbookrv #reading #Refugees #RefugeesWelcome #Audible";1;1;1;;;1
1237659181714419712;Wed Mar 11 08:38:38 +0000 2020;"Die Flüchtlinge leiden unermesslich - und wir hätten Platz und könnten per Direktaufnahme 10'000 Menschen aufnehmen - jetzt handeln! #RefugeesWelcome #Lesbos
Flüchtlingskrise – Schweizer Asylzentren sind zur Hälfte leer: https://www.infosperber.ch/Politik/Fluchtlingskrise---Schweizer-Asylzentren-sind-zur-Halfte-leer#.XmijANz190A.twitter via @infosperber";1;1;1;;;1
1170671899422199818;Sun Sep 08 12:15:05 +0000 2019;"Looking for inspiration on what to cook this weekend? Check out these recipes brought to us from refugees &amp; migrants in Serbia. #RefugeesWelcome";1;1;1;;;1
1173315854773215239;Sun Sep 15 19:21:13 +0000 2019;"@1984Magazin @lawyerberlin @HGMaassen Hätte,  hätte  ...  🙊 🙈 🙉 ..


.u. warum   hat  man solange  dazu geschwiegen..


#Flüchtlingskrise"" nicht 2015, sondern 2013 begann


1984Magazin
@1984Magazin";2;2;2;;;2
1192466729152192512;Thu Nov 07 15:39:57 +0000 2019;"#Bartsch und #Wagenknecht: #USA haben #Flüchtlingskrise mit ausgelöst - #Positionspapier - War das bisher nicht eine angebliche ""rechte #Verschwörungstheorie"", die Migration als Waffe? https://www.welt.de/politik/deutschland/article146085269/Linke-will-US-Regierung-fuer-Fluechtlinge-zur-Kasse-bitten.html?wtmc=socialmedia.twitter.shared.web";4;3;?;4=>3;3: there's definitive sentiment;3
1220147499169722368;Thu Jan 23 00:53:27 +0000 2020;"There Should Be No Hierarchy of Rights for Displaced Children 


#EuropeanUnion #France #Greece #HumanRights #Italy #Migration #OpenDemocracy #Racism #RefugeeCrisis #Refugees #RefugeesWelcome


https://redrevolution.co.uk/2020/01/22/there-should-be-no-hierarchy-of-rights-for-displaced-children/";1;1;1;;;1
1234911412079792130;Tue Mar 03 18:39:58 +0000 2020;"Solange wir „unsere“ Haustiere durchfüttern können, können wir auch Menschen aufnehmen. #WirHabenPlatz #Griechenland 
#RefugeesWelcome https://twitter.com/jusobl/status/1234908175838654470";1;1;1;;;1
1227627437732790274;Wed Feb 12 16:16:04 +0000 2020;One week to go 👏 #Glasgow #comedy #standupcomedy #refugees #RefugeesWelcome https://twitter.com/RefugeeSurvival/status/1224073118127398913;1;1;1;;;1
1189570674899259393;Wed Oct 30 15:52:04 +0000 2019;Die üblichen Verdächtigen...#Wirschaffendas https://www.berliner-kurier.de/berlin/polizei-und-justiz/er-wollte-einen-rollifahrer-schuetzen-mann-vor-einfahrenden-zug-der-u8-gestossen---tot--33388816?dmcid=sm_fb;4;2;?;"4: I've seen a lot disagreements with similar tweets like this. Tobias and Daniel will always annotate them as anti-solidarity. Is ""Die üblichen Verdächtige"" an irony for refugee? Because only from the text i can't see any relevance with solidarity =>2";2: yeah, sarcasm in regard to that hastag (seems to happen a lot). Mostly people killed and these tweets heavily suggest that refugges are the cause (imo at least);2
1215406714004156417;Thu Jan 09 22:55:16 +0000 2020;@Volksstimme: Mein Eindruck ist, dass die mediale Verarbeitung des Magdeburgers des Jahres 2019 seltsam läuft:https://volksstimme.de/lokal/magdeburg/gala-zur-ehrung-live-ticker-zum-magdeburger-des-jahres-2019. Ist es fehlende #Souveränität in Folge der #Flüchtlingskrise in #Deutschland, dass da so wenig passiert: S.1,Link,Twitter-kein Siegerfoto?;4;2;?;4: I lack background knowledge about this tweet;3: tendency towards 2 but don't have the background knowledge or context here;?
1235862534764163072;Fri Mar 06 09:39:24 +0000 2020;"Our MEP @bricmontsaskia demanding more solidarity between EU Member States to tackle the dire situation for #asylumseekers and #refugees in Greece.


#stayhuman #Refugeesgr";1;1;1;;;1
1217489284149731335;Wed Jan 15 16:50:39 +0000 2020;"@AnnaGallinaHH @AMjetztGRUENE @GRUENE_Hamburg @Die_Gruenen @_Seebruecke_ Na, dann hoffen wir, dass es endlich konkret wird. #diezeitistjetzt, gerade für die Menschen in den Lagern. Auf den Bund warten reicht nicht - #Hamburg kann und muss handeln! #wirhabenplatz
#seebrücke #refugeeswelcome #sicherehäfen";1;1;1;;;1
1209485301447573505;Tue Dec 24 14:45:41 +0000 2019;Nach Einschätzung des Hilfswerks #Caritas sind die Menschen in den überfüllten Flüchtlingslagern in #Griechenland auf umgehende Hilfe angewiesen. #Flüchtlingskrise https://www.zeit.de/politik/ausland/2019-12/griechische-fluechtlingslager-caritas-hilfswerk-ngo-unterstuetzung-forderung;1;1;1;;;1
1213024840304746496;Fri Jan 03 09:10:33 +0000 2020;Unfassbar! #Grüne in #Oesterreich akzeptieren in Koalitionsvertrag mit #ÖVP in #Migrationspolitik Kernpunkte dessen, was sie bisher scharf kritisierten. ÖVP darf sogar in #Flüchtlingskrise mit #FPÖ stimmen. ⁦@FAZ_Politik⁩ ⁦@FNFreiheit⁩ ⁦@fdp⁩ ⁦@neos_eu⁩;3;1;?;3：I lack background knowledge about this tweet =>1;1: cannot believe that grüne accept the anti-migration politic from fpö;1
1219867056939655168;Wed Jan 22 06:19:05 +0000 2020;Thank you to the many #Vauxhall constituents who have contacted me about this. Rest assured that I will be supporting this amendment in the Commons later today - we have to support the right for children to reunite with their families #DubsAmendment #RefugeesWelcome https://twitter.com/AlfDubs/status/1219648374066032644;1;1;1;;;1
1201574309417963520;Mon Dec 02 18:50:14 +0000 2019;"🔞 || 🔥 It's Monday ;) Let's Rock ^^ 🔥 #OldButGold #WirSchaffenDas 🔥🔥 https://twitch.tv/delixlps";4;4;4;;;4
1253600770588659713;Fri Apr 24 08:24:49 +0000 2020;"Umfassende Informationen zum #Coronavirus in 21 Sprachen. Zusammengestellt von der Medizinischen Flüchtlingshilfe Düsseldorf @MHG_D 
https://kurzelinks.de/bm5e


#socialwork #HomelessCantStayHome #homelesscovid19  #Berlin #berlinsozial #COVID19 #Coronakrise #Help #RefugeesWelcome";1;4;?;1：Rule1.5;4:just some info, no sentiment;?
1188841807737774083;Mon Oct 28 15:35:49 +0000 2019;"This looks like a beautiful piece of work. Go vote! And well done to all involved.


#eyesopen #refugeeswelcome https://twitter.com/mediaco_op/status/1188774683782602752";1;1;1;;;1
1242746469775441920;Wed Mar 25 09:33:42 +0000 2020;"These: Ohne #Eurobonds wird diese Krise nicht zu überwinden sein, i.e. wird eine neue Euro-Staatsschuldenkrise passieren. Die EU hat wertvolle Zeit verloren, jetzt haben wir keine Zeit mehr zu verlieren:


https://www.sueddeutsche.de/wirtschaft/kommentar-gar-nicht-gespenstisch-1.4855572


#Coronakrise #CoronaVirusDE #CoronaPandemie";4;4;4;;;4
1237086280426688513;Mon Mar 09 18:42:07 +0000 2020;"European Commission President Ursula von der Leyen said ahead of talks with President Tayyip Erdogan that Turkey must move refugees and migrants away from the Greek border  https://www.reuters.com/article/us-syria-security-turkey-vonderleyen-idUSKBN20W1AU?taid=5e66450a05296a00010461b4&utm_campaign=trueAnthem:+Trending+Content&utm_medium=trueAnthem&utm_source=twitter
#RefugeeCrisis #HumanRights #AsylumSeekers #EUTurkeyDeal";3;1 => 4;?;4: It just reported a fact and there's no clear attitude about the author;4: just news without sentiment;4
1219662691272462336;Tue Jan 21 16:47:00 +0000 2020;"There's not much time to email your MP to ensure child refugees can reunite with their families. I just emailed my MP, @IanMearnsMP. You can do the same now. 


#Scrap37 #RefugeesWelcome 


https://www.safepassage.org.uk/email-mp-family-reunion";1;1;1;;;1
1198795198974889984;Mon Nov 25 02:47:02 +0000 2019;"Aha... ➡️ &gt;&gt;Beweismittel und Propaganda-Material einer in Deutschland verbotenen, linksextremistischen, türkischen Organisation sicher&lt;&lt; #Wirschaffendas https://www.general-anzeiger-bonn.de/region/koeln-und-rheinland/koeln-polizei-verbietet-konzert-der-band-grup-yorum_aid-47390985";3;"4 => 2, because of the ""Aha...""";?;4=>2;2: forbidden turkish organization material found -> wirschaffendas led to this?;2
1238028687846584320;Thu Mar 12 09:06:55 +0000 2020;"ZUHÖREN, VERSTEHEN und HANDELN. #allegegencorona #wirschaffendas Grafik zeigt DE, Datenbasis @RKI_de
Wir haben die Erfahrung aus China, Iran, Italien, ... Wir hören täglich was zu tun ist. Handelt jetzt. Alle zusammen. Denkt nicht nur an euch selber. #globalcitizen https://twitter.com/WHO/status/1238016037548896256";1;4;?;"1: ""Alle zusammen. Denkt nicht nur an euch selber"" shows support for solidarity";1: call for solidarity (even though it is about covid it is still solidary) ;1
1232683526006374401;Wed Feb 26 15:07:09 +0000 2020;"Paying the coupons today means that decision on default is not yet final!
#Eurobonds #Default";4;4;4;;;4
1257014629152305153;Sun May 03 18:30:16 +0000 2020;@polenz_r @cducsubt @fdp Jetzt auf Merkels Zielgeraden - kann ihr den Burgfrieden @cducsubt mit unserem IMhorst im historischen Kontext nicht hochgenug einordnen (eben nach #GriechenlandPolitik #EuroKrise #Brexit #FlüchtlingsKrise #BeziehungZuDenUSA) scheinen viele Landsleute momentan zu realisieren ...;4;1;?;3;3;?
1245630964685930496;Thu Apr 02 08:35:39 +0000 2020;"... und jetzt?
Osteuropäische EU-Staaten durften Flüchtlingsaufnahme nicht ablehnen
#Flüchtlingskrise #EUGHUrteil
https://www.spiegel.de/politik/ausland/osteuropaeische-eu-staaten-durften-fluechtlingsaufnahme-nicht-ablehnen-a-5b726474-113e-4b8a-97d9-3b77600a3c42";3;3;3;;;3
1168534106109612033;Mon Sep 02 14:40:15 +0000 2019;"Home Office moves swiftly after Guardian reports on filthy living conditions of #AsylumSeekers
homes.


https://www.theguardian.com/uk-news/2019/aug/27/investigation-prompts-rapid-upgrades-to-asylum-seekers-homes";4;1;?;1;;1
1217702112093753347;Thu Jan 16 06:56:21 +0000 2020;"Guten Morgen, wir zitieren mal @HHTagesjournal und sagen: Gern geschehen. Auf den Senkel gehen ist genau unser Ding. Bringt was.


#linke #Hamburg #wirhabenplatz #refugeeswelcome #seebrücke #opposition #kinderrechte #news #griechenland #habeck #grüne #spd";1;1;1;;;1
1237132313382838272;Mon Mar 09 21:45:02 +0000 2020;Diesen braunen Dreck bekämpfen kann man nur, indem man der Menschlickkeit uneingeschränkt Vorrang einräumt: #GrenzenAuf #WirHabenPlatz #Seebrücke #RefugeesWelcome #NoAfD https://twitter.com/andreaspetzold/status/1237088491915411457;1;1;1;;;1
1258373692171653120;Thu May 07 12:30:42 +0000 2020;"#looktothefutureweek
The Atlas of Migration in Europe by @Migreurop 


This book follows the journeys of those fleeing war, poverty or political crises, risking their lives as they attempt to find sanctuary in Europe. 


#refugeecrisis
#teddieslibrary
#stedwardsoxford";1;1;1;;;1
1180877924989321221;Sun Oct 06 16:10:11 +0000 2019;Do you live in #NorthenIreland? Want to help #Refugees and #AsylumSeekers? Check out our website for lots of projects in #Belfast helping #migrants http://ow.ly/Fzvm30nEKtH #R2C2;1;1;1;;;1
1233773075080060929;Sat Feb 29 15:16:38 +0000 2020;Woaww! Eine Drohnung ist jetzt ein Hilferuf geworden!  Das hätte ich mir denken können. #Flüchtlinge #Türkei #Erdogan #NeguelueyorsunErdoğan #Syrien #Turkey #Syria #Fluechtlingswelle #Refugeesgr #refugeecrisis https://twitter.com/n_roettgen/status/1233768983897235458;2;4;?;4=>3;3;?
1178001433796460544;Sat Sep 28 17:40:02 +0000 2019;#refugees #refugeecrisis 1 author encyclopedia site:Will Islam take over Europe or will #Muslims gradually integrate http://bit.ly/SesVJ7;3;3;3;;;3
1239559328517980161;Mon Mar 16 14:29:08 +0000 2020;#Gauland: #Grenzkontrollen widerlegen Aussagen der #Bundesregierung in der #Flüchtlingskrise! https://pressecop24.com/gauland-grenzkontrollen-widerlegen-aussagen-der-bundesregierung-in-der-fluechtlingskrise/ via @Pressecop24com;1;2;?;4:  the author just posted an article and showed no clear attitude;;?
1237662161767292928;Wed Mar 11 08:50:28 +0000 2020;"‘We Are Like Animals’: Inside Secret Site for #Refugees: detention centre found in #Greece: Former UN Special Rapporteur on #migrants #humanrights said its a ""black site”: detainees are kept in secret &amp; without access to legal recourse. #refugeecrisis https://nyti.ms/38Dt9ID";1;1;1;;;1
1249616061261103106;Mon Apr 13 08:31:00 +0000 2020;#tycklemoregoatsquoteoftheday “Desperation led us here here, adrift, black waves white tips. Stars above us guide the way, but there’s no where left to go.” https://tycklemoregoats.bandcamp.com/track/sea-fury #bandcamp #music #songoftheday #sea #ocean #band #diy #refugeecrisis #migrants #seafury #lifeboats;1;1;1;;;1
1251650344968429575;Sat Apr 18 23:14:31 +0000 2020;„Dat ist hier wie Cars, ich red hier mit Autos und alle fangen an zu blinken..“ #wirschaffendas;4;4;4;;;4
1234469052745240576;Mon Mar 02 13:22:12 +0000 2020;New military equipment is arriving at the border, on the greek side. #RefugeeCrisis #Greece_Turkey_Borders @dw_greek @dwnews @dw_greek;3;3;3;;;3
1186704105886105600;Tue Oct 22 18:01:21 +0000 2019;"Heute bei der LATELY SHOW:
Die Zerstörung der AfD 


https://www.youtube.com/watch?v=dNFF6RB_Icw


#lsfs #latelyshow #comedy #nachrichten #berlin #politik #satire #afd #zerstörung #höcke #gauland #weidel #lucke #rezo #amthor #Flüchtlingskrise #seehofer #csu #cdu #merkel";4;4;4;;;4
1197789240387678208;Fri Nov 22 08:09:43 +0000 2019;"Seit 14 Jahren #Merkel. Politischer &amp; moralischer Bankrott: „Sie hat dem Morden in #Syrien, den Fassbomben gegen Schulen, dem Vergasen von Menschen mit der deutschen Erfindung Sarin zugesehen. Sie hat sowohl die #Flüchtlingskrise als auch den ISIS-#Terror sträflich begünstigt.“ https://twitter.com/HGMaassen/status/1197763397154201601";1;1;1;;;1
1200108098784055297;Thu Nov 28 17:44:02 +0000 2019;UN: Das #Geheimnis der Grundlage #Flüchtlingskrise von #Bundeskanzlerin Frau Dr. #Merkel ist gelüftet: https://rettung-fuer-deutschland.de/blog/?p=2956;3;2, because of the link... this seams like a non solidaric source;?;4;;?
1169984421325352961;Fri Sep 06 14:43:17 +0000 2019;New @FEANTSA #migration and #homelessness newsletter is out. https://mailchi.mp/feantsa/migration-homelessness-newsletter?e=b4168cf703 learn about work on #freemovement indecent reception conditions for #Asylumseekers #destitution among #refugees and the use of homelessness services to carry out #deportations;1;1;1;;;1
1245710152575201281;Thu Apr 02 13:50:19 +0000 2020;".@EUCourtPress has today ruled that #Hungary, #Poland &amp; #CzechRepublic shouldn't have refused to admit relocated #asylumseekers.


This is a ground-breaking ruling as it means EU Member States must share responsibility for protection seekers in a fair way! https://bit.ly/3dQ2zQg";1;1;1;;;1
1256537111148351489;Sat May 02 10:52:47 +0000 2020;"Every sunday I teach a coding workshop for a couple of refugees in #nuernberg. Any suggestions for a warmup?


#RefugeesWelcome #javascript #HTML #css3";1;1;1;;;1
1214894356697628674;Wed Jan 08 12:59:20 +0000 2020;"The main countries of origin were #Syria, #Iraq and #Turkey. Interior Minister Horst #Seehofer emphasized that the number of #AsylumSeekers  has ""#declined for the third year in a row"".";3;3;3;;;3
1226931163262050306;Mon Feb 10 18:09:19 +0000 2020;"African countries face ‘wall’ of sovereign debt repayments.  
#Bond #issuance has surged in recent years, creating unease.


""21 #African countries now have outstanding #sovereign #eurobonds — foreign currency-denominated sovereign…https://lnkd.in/eqx2q_x https://lnkd.in/e2XjJBD";4;1;?;4;;4
1232733969155796992;Wed Feb 26 18:27:35 +0000 2020;@BILD Hmm eh klar, so wie ihre angebetete #Merkel 2015 die #Flüchtlingskrise im Griff hatte.;2;2;2;;;2
1254720487403524097;Mon Apr 27 10:34:10 +0000 2020;"In #Bremen trifft #Corona offensichtlich auch eine der schutzbedürftigsten Gruppen. @bremen_de das schaut übel aus. Wie konnte das passieren und wie reagiert ihr darauf?


 #proasyl #refugeeswelcome";1;1;1;;;1
1214684902765080576;Tue Jan 07 23:07:03 +0000 2020;#refugees #refugeecrisis 1 author encyclopedia site:Will Islam take over Europe or will #Muslims gradually integrate http://bit.ly/SesVJ7;3;3;3;;;3
1240135852896006144;Wed Mar 18 04:40:02 +0000 2020;#IslamicState #bomb #refugeecrisis Knowledge is power site:Brit #MPs deslike attack on Syria http://bit.ly/1dg9UTW;3;1;?;4: actually it is one of the discarded tweets in our gold standard, so i will just annotate it as 'not applicable';;4
1237869515251171335;Wed Mar 11 22:34:25 +0000 2020;"@Mars_2_0 @RTLde 🤣🤣 Auch mir ist #Rassismus absolut zuwider. Kritik am #Wirschaffendas-Wahnsinn Eurer #buntenKanzlerin ist nicht ""rassistisch"", sondern realistisch.";2;2;2;;;2
1189119035780337666;Tue Oct 29 09:57:25 +0000 2019;Thank you national lottery players, you help support the work we do!! #NationalLottery25 #volunteering #Asylumseekers #Refugees #RefugeesWelcome;1;1;1;;;1
1234912421531308033;Tue Mar 03 18:43:59 +0000 2020;@handelsblatt Dann wäre das ja wie eine Flüchtlingswelle aus D. Wer soll die denn alle aufnehmen? Wie soll das gehen? Sowas... #WirHabenPlatz ? #Fluechtlingskrise;2;2;2;;;2
1233766085373186050;Sat Feb 29 14:48:51 +0000 2020;"Die ganze Schande des EU-Türkei-Flüchtlingsdeals zeigt sich seit gestern an der Türkisch-Syrischen Grenze. Kommt auf die #RefugeesWelcome Kundgebung:
Heute, Samstag, 16:30 Uhr, Schloßplatz";1;1;1;;;1
1259048948305715203;Sat May 09 09:13:55 +0000 2020;"OMG! das ist die Antwort auf Rezo. 1h Beruhigungsmusik für Coronazeiten oder die Toilettenanlage im Bundestag. 800.000 Klicks.
#Wirschaffendas https://twitter.com/moylato/status/1259044762860105729";4;4;4;;;4
1226553649062653952;Sun Feb 09 17:09:12 +0000 2020;#Seebrücke #Berlin WIR HABEN PLATZ – Aufnahme jetzt ermöglichen! Demo 08.02.2020 © B.Sauer-Diete/bsdphoto https://berlinphoto.eu/seebruecke-wir-haben-platz-aufnahme-jetzt-ermoeglichen-berlin-08-02-2020  #wirhabenplatz #Aufnahmejetzt #refugeeswelcome #geflüchtete #seenotrettung #seebrückeberlin #griechenland #lager #auswärtigesamt;1;1;1;;;1
1224435777188192257;Mon Feb 03 20:53:32 +0000 2020;"Am 08. Februar ruft die #SEEBRÜCKE deutschlandweit zu einem dezentralen #Aktionstag auf! Die 4.000 Minderjährigen und Familien müssen sofort aus #griechischen Lagern aufgenommen werden!


#wirhabenplatz #bleiberechtfüralle #solidarität #RefugeesWelcome https://twitter.com/SeebrueckeB/status/1222460640935251968";1;1;1;;;1
1171072071545294849;Mon Sep 09 14:45:13 +0000 2019;#TurkishAirlines gets nod to issue $2bn of #Eurobonds #Turkey #DebtMarkets #Lira #Airlines http://bit.ly/319NzWD;4;4;4;;;4
1249620922413260800;Mon Apr 13 08:50:19 +0000 2020;#Greece is bracing for an influx of migrants from #Turkey after satellite images appeared to show that Ankara was releasing tens of thousands of refugees from its deportation centres | The Times https://www.thetimes.co.uk/article/thousands-of-migrants-driven-towards-greece-l8pbvvg58 #RefugeeCrisis #HumanRights #AsylumSeekers #EUTurkeyDeal;3;3;3;;;3
1260169925362098176;Tue May 12 11:28:17 +0000 2020;"Wisst ihr @SPDThueringen, es gibt Menschen, denen ist daran gelegen, dass Menschen in den Lagern nicht sterben, die sich seit Monaten für diese einsetzen. Euer Bashen nervt! Legt doch mal vor! #LeaveNoOneBehind #WirHabenPlatz #RefugeesWelcome 
https://www.tagesspiegel.de/politik/thueringen-streitet-um-fluechtlinge-aus-camp-moria-spd-wirft-gruenen-symbolpolitik-vor/25819286.html";1;1;1;;;1
1231915071212748803;Mon Feb 24 12:13:35 +0000 2020;#Mutti #WirSchaffenDas(Nicht);3;"2, because of Mutti (means Merkel) and the ""nicht""";?;3: i want to annotate it as 2 because of the (Nicht). But there is too little info. Maybe it refers to complete different things. so i'm not quite sure=>2;;2
1193936743885656066;Mon Nov 11 17:01:16 +0000 2019;"Simply Barbaric': Trump Administration Proposes Charging Asylum Fee for #Refugees Fleeing Violence and Poverty 


#AsylumSeekers #CommonDreams #DACA #DonaldTrump #RefugeeCrisis #RefugeesWelcome #UnitedStates


https://redrevolution.co.uk/2019/11/11/simply-barbaric-trump-administration-proposes-charging-asylum-fee-for-refugees-fleeing-violence-and-poverty/";4;4;4;;;4
1243258922347180043;Thu Mar 26 19:30:00 +0000 2020;"#Refugees to the rescue? Germany taps #migrant medics to battle #COVID19 https://reut.rs/2xnFm7o Another great reason for states to respect laws protecting refugees &amp;  #asylumseekers rights via @P4HR https://bit.ly/39kQUFN";1;1;1;;;1
1224134152011833347;Mon Feb 03 00:54:59 +0000 2020;"Dear #Governments 
If you import/allow so called #AsylumSeekers &amp; #Refugees from shithole societies,corrupt cultures &amp; warped by wars,don't just expect them to slot in nicely with Western/ Christian/Democratic/Decent  communities.
Don't expect others to pick up the mess you made.";2;2;2;;;2
1256197177476603906;Fri May 01 12:22:00 +0000 2020;Nichts zuzufügen ... danke @sascha_p ... #FlattenTheCurve #WirSchaffenDas #WirSindHilfe #LetsPutSmartToWork #Think2020 #LetsPutSmartToLearn https://twitter.com/sascha_p/status/1256154905162575873;4;4;4;;;4
1227895744234913792;Thu Feb 13 10:02:13 +0000 2020;"Haben wir etwa noch keine #Flüchtlingskrise? 👇


https://www.bild.de/politik/inland/politik-inland/seehofer-warnt-vor-neuer-fluechtlingswelle-wir-werden-ein-zweites-2015-erleben-68771228.bild.html";2;2;2;;;2
1226146638550511616;Sat Feb 08 14:11:53 +0000 2020;"Es gibt unglaubliches Leid in #Griechenland und #Deutschland könnte es verhindern! 


Lasst uns organisieren und gegen diese Ungerechtigkeit laut sein!


#WirHabenPlatz #refugeeswelcome #EvakuierenStattIgnorieren #Fliehenundankommen https://twitter.com/SeebrueckeDo/status/1226103089956085769";1;1;1;;;1
1185410500991029248;Sat Oct 19 04:21:01 +0000 2019;#IslamicState #bomb #refugeecrisis Knowledge is power site:Brit #MPs deslike attack on Syria http://bit.ly/1dg9UTW;4;1;?;4: the same tweet as line 87;;4
1172485370862276609;Fri Sep 13 12:21:10 +0000 2019;"Great session with representatives from local #charities at Newcastle #volunteer centre @volunteering_uk on working with #AsylumSeekers &amp; #refugees as volunteers, part of our #skillsmatch project..thanks to support from @TNLComFund  http://www.skillsmatch.info";1;1;1;;;1
1252537716576788480;Tue Apr 21 10:00:37 +0000 2020;The SBCF supports victims of conflict, like Hamzah who was caught in crossfire during a gun battle between the Syrian Government forces and ISIS in 2012 Find out more about our work by visiting http://www.thesbcfoundation.org #Refugees #HumanitarianAid #RefugeeCrisis #Conflict;4;1;?;1: Rule 1.5,  I think #HumanitarianAid is a positive hashtag;;1
1218282459021955072;Fri Jan 17 21:22:27 +0000 2020;"The Children Who Can’t Afford to Be British 


#Immigration #Law #Migration #OpenDemocracy #RefugeeCrisis #Refugees #RefugeesWelcome


https://redrevolution.co.uk/2020/01/17/the-children-who-cant-afford-to-be-british/";1;1;1;;;1
1258716752982269952;Fri May 08 11:13:54 +0000 2020;"Wie steht es um die #Wirtschaft Wirtschaft? Sind #Eurobonds oder #Reichensteuer die richtige Forderung? Und was können wir aus der #Coronakrise lernen?
Diese und weitere Fragen klären @StephanKaufman1 und @SabineNuss morgen Abend. Schaut vorbei:
https://www.facebook.com/events/887450018347617/";4;3;?;4: Rule 4.1, 4.2;;4
1175079691692191746;Fri Sep 20 16:10:05 +0000 2019;"&gt;4 million #Venezuelans have left the country 
A #MigrantCrisis 2nd after #Syria, that only received a fraction of the international #attention &amp; #funding vs other conflicts


Understanding the Venezuelan #RefugeeCrisis by @orianavanpraag @wilsoncenterUM http://ow.ly/rq2W30pzFg8";1;1;1;;;1
1247139248890765314;Mon Apr 06 12:29:02 +0000 2020;@farrm51 if he agreed to meet with, talk to, or even respond to his constituents (eg me) he might be right.. instead i assume that his #corrupt @LiberalAus party mates make more cash in other ways #auspol #relgiousdiscriminationbill #RefugeesWelcome;4;1;?;3;;?
1209469364002578432;Tue Dec 24 13:42:21 +0000 2019;#WirhabenPlatz sollte trenden! #RefugeesWelcome  https://twitter.com/FlueRat_Nds/status/1209221972539953153;1;1;1;;;1
1259182760993980416;Sat May 09 18:05:39 +0000 2020;"#EU #Eurobonds #EuropaDay 
@EU_Commission continues its crusade against the German constitutional court. According to @vonderleyen, Germany broke EU pacts. Hard to see that a ruling of national institution is such. Brussels is afraid that Germany takes rule of law seriously.";4;2;?;3;;?
1170349407923056641;Sat Sep 07 14:53:37 +0000 2019;"Out @ the Peaceful Protest
#STOPBREXITNOW #StopBrexitSaveDemocracy #StopBrexitSaveBritain #StopBrexit #StopTheCoup #NotMyPM #nobrexit #NotMyPrimeMinister #BorisJohnsonDictator #LoveMusicHateRacism #ClowningStreet #standuptoracism #RefugeesWelcome #ToriesOut";1;3;?;1: 1.3, 1.5;;1
1252987585523261443;Wed Apr 22 15:48:14 +0000 2020;📰Top News OHNE Corona-Bezug https://va.newsrepublic.net/s/rSjNrh #Nachrichten #tschernobyl #EarthDay #maskedsinger #Waldbrandgefahr #flüchtlingskrise #AfD #usairan #iPhoneSE;4;4;4;;;4
1236703373442891777;Sun Mar 08 17:20:35 +0000 2020;@MartStaudinger @sebastiankurz @RobTreichler @profilonline #Kurz Was sind die Vorschläge des #Bundeskanzlers zur #Flüchtlingskrise? Was ist #Aussengrenzschutz?;3;2;?;4;;?
1226685730300342274;Mon Feb 10 01:54:03 +0000 2020;#IslamicState #bomb #refugeecrisis Knowledge is power site:Brit #MPs deslike attack on Syria http://bit.ly/1dg9UTW;4;1;?;4: the same tweet as line 87;;4
1240945839822065664;Fri Mar 20 10:18:38 +0000 2020;Nach 2 Tagen mit jeweils 12h-Dienst beim Gesundheitsamt habe ich heute frei. Puh. #corona #WirSchaffenDas;4;4;4;;;4
1177885664131436546;Sat Sep 28 10:00:01 +0000 2019;"The interior ministers from France, Germany, Italy, and Malta in Malta to discuss an ""automatic"" system for the #relocation of #AsylumSeekers.
#EUWeekInReview
https://euobserver.com/migration/146031";3;3;3;;;3
1196443470996627457;Mon Nov 18 15:02:06 +0000 2019;⁦@odo_kate⁩ tells us #AsylumSeekers often do not see themselves as candidates for preventive #healthcare - ‘hostile environment’ impacts on #health and #wellbeing #NAPCRG2019;2;3;?;3;;3
1179715335345360896;Thu Oct 03 11:10:28 +0000 2019;"We've started! #SnapshotsFromTheBorders #NoMoreBricksInTheWall #Europe #Portugal #Migration #HumanRights #DEARproject #ShareResponsability #StayHuman #bepartofasolidaritymovement #solidarity #borders #refugees #refugeeswelcome #policy
#capitalevent #3october #memory";1;1;1;;;1
1252523237554163712;Tue Apr 21 09:03:05 +0000 2020;"WATCH: #Spain is proposing a €1.5 trillion collective fund to be rolled into EU Budget (MFF) to fight the economic downturn of the #COVID19 pandemic. But how is it different to the #coronabonds/#eurobonds? 
My live report for @euronews. @Isabelle_kumar 
https://www.youtube.com/watch?v=2jS_85p0jhg";3;4;?;4: Rule 4.3;;4
1245627979255799808;Thu Apr 02 08:23:47 +0000 2020;tach vom trecker. wieder viel verkehr auf feld, wiesen und auch auf der a10 - wirtschaft kommt. #WirSchaffenDas #brandenburg;4;4;4;;;4
1263754409265242112;Fri May 22 08:51:45 +0000 2020;"Dass Deutschland bisher recht glimpflich durch die #Coronakrise kommt, liegt an der umsichtigen, disziplinierten &amp; engagierten Bevölkerung - während die Politik viel zu spät handelt und Fehler über Fehler machte. Ich sehe da durchaus Parallelen zur #Flüchtlingskrise von 2015/16. https://twitter.com/welt/status/1263748449100599297";3;2;?;3;;3
1214627234415366145;Tue Jan 07 19:17:54 +0000 2020;"@RefugeesIntl It is beautiful in the picture but in reality. #IranianRefugeesInTurkey got stopped by #TravelBan 3 years ago and still have no country and no identity waiting for transfer .... please help us 
No to #TrumpTravelBan
#Resettlement4Iranians 
#Refugees 
#RefugeesWelcome";1;1;1;;;1
1194581252294270976;Wed Nov 13 11:42:19 +0000 2019;"#Eurobonds lassen sich prima mit der Finanzierung öffentlicher Nettoinvestitionen verbinden... (die so aus den Schuldenregeln ausgenommen werden...)


Mit 1,25% des BIP pro Jahr kann 🇩🇪 ein Programm von 450 Mrd € / 10J finanzieren - mit der aktuellen Schuldenbremse... 😄😄😄🥳💪";4;4;4;;;4
1213926039782666241;Sun Jan 05 20:51:36 +0000 2020;@lisavoc @i_am_fabs @corinnamilborn das wird bestimmt eine herausforderung! ich stelle mir das so wie die snowcard in tirol vor - da mussten auch viele unternehmen zusammenrücken. #wirschaffendas https://snowcard.tirol.at/de/start/index;4;4;4;;;4
1226072428704653312;Sat Feb 08 09:17:00 +0000 2020;"Liebes @BMI_Bund, die #Krise in #Griechenland ist keine #Flüchtlingskrise. Es ist eine Krise der Solidarität. Denn #WirHabenPlatz &amp; trotzdem blockieren Sie jede humanitäre Initiative der Städte &amp; Länder! Damit muss Schluss sein. #EvakuierenStattIgnorieren";1;1;1;;;1
1168455863104942080;Mon Sep 02 09:29:21 +0000 2019;".@Abdultahhan will be telling @SuchandrikaC
 what it's like to be a #refugee in the UK, at Saturday's @LondonPodFest live recording. 
Details and tickets for under a tenner here:
https://www.kingsplace.co.uk/whats-on/words/freelance-pod/
#LondonPodcastFestival #LondonPodFest #podcast #refugees #RefugeesWelcome https://twitter.com/guardian/status/1168454568109400064";3;1;?;1: Rule 1.5;;1
1243806527066120193;Sat Mar 28 07:45:59 +0000 2020;Hi @DeptJusticeIRL, it's 7.40am on Saturday the 28th of March and we are still waiting on your updated plan of action re: the health of all #asylumseekers and #refugees under state care in #directprovision during #COVID19ireland #COVID19;4;1;?;1: it shows care for health of refugees during covid-19;;1
1184955586888290304;Thu Oct 17 22:13:21 +0000 2019;"@LSenbet: What kind of precautionary measures #Ethiopia need to take on #eurobonds even if the issue differ from country to country ? 
CC @mihretum @EyobTolina @GirumTweets @DonaldKaberuka @LopesInsights @BelachewM @MelakuD @DGNegatu https://twitter.com/FTMidEastAfrica/status/1184665974072578048";4;4;4;;;4
1173000877982060544;Sat Sep 14 22:29:37 +0000 2019;Today we welcomed Carol from #WelcomeRucksack to speak to us about the #AsylumSeekers we are helping with our fundraising. We made welcome cards for the backpacks. We presented Carol with a table full of donations. @NorwichSOS @guidingnorfolk;1;1;1;;;1
1239494647426269185;Mon Mar 16 10:12:07 +0000 2020;#Steinmeier: #EU darf sich in #Flüchtlingskrise nicht erpressen lassen https://www.berliner-sonntagsblatt.de/Steinmeier-EU-darf-sich-in-Fluechtlingskrise-nicht-erpressen-lassen-183295.html #Nachrichten #Politik #Wirtschaft #berlinersonntagsblatt #Deutschland #Fluechtlinge #Greece_under_attack;3;3;3;;;3
1256530824478052352;Sat May 02 10:27:48 +0000 2020;Die #Getriebenen | #ARD #Mediathek. Eine brillante Erinnerung an 2015, die #Flüchtlingskrise und den trüben Charakter von #Söder, #Gabriel und #Maaßen. #Merkel dagegen eine gehetzte Heilige. https://www.ardmediathek.de/daserste/player/Y3JpZDovL2Rhc2Vyc3RlLmRlL2ZpbG1taXR0d29jaCBpbSBlcnN0ZW4vMmQ1ZmNiZTItZWE4MC00YWU3LWJmZTYtYTIwMDdkYTA0NWNk/die-getriebenen;3;3;3;;;3
1246818668698308611;Sun Apr 05 15:15:10 +0000 2020;"Auch vor dem Rathaus Kreuzberg waren Fußspuren zu entdecken.
Löst alle Lager auf und evakuiert die Lager in Griechenland! Denn #wirhabenplatz!
#leavenoonebehind #b0504 #refugeeswelcome";1;1;1;;;1
1208490877041225728;Sat Dec 21 20:54:12 +0000 2019;"#JustLikeYou lyric video includes newspaper clips about subjects like #refugeeCrisis #BlackLivesMatter #PoliceBrutality #brexit #MeToo #MentalHealth #GenderIdentity and #LGBT 
Thank you for finding ways to speak out even when your contracts and NDAs don't allow it Louis.";4;1;?;4;;4
1179107120907767809;Tue Oct 01 18:53:39 +0000 2019;"Thousands of #AsylumSeekers live in insecure, inadequate &amp; overcrowded conditions in Greek islands - @Refugees urge authorities to fast-track plans to transfer over 5,000 asylum-seekers already authorized to continue procedure on mainland  https://www.unhcr.org/news/briefing/2019/10/5d930c194/greece-must-act-end-dangerous-overcrowding-island-reception-centres-eu.html #RefugeeCrisis";1;1;1;;;1
1198926037020790785;Mon Nov 25 11:26:56 +0000 2019;"@RT_Deutsch So sieht ""ihr"" #Bunt dann in der Praxis aus. Allerhöchste Zeit, dass das Volk endlich aufsteht, die sogen. ""Flüchtlinge"" gehen und die Verantwortlichen für den #Wirschaffendas-Wahnsinn ""sitzen"".";2;2;2;;;2
1213848319291772929;Sun Jan 05 15:42:46 +0000 2020;"17 Personen prügeln sich: Acht Streifenwagen rücken bei Geburtstagsfeier an https://www.bild.de/regional/ruhrgebiet/ruhrgebiet-aktuell/17-personen-pruegeln-sich-acht-streifenwagen-ruecken-bei-geburtstagsfeier-an-67102512.bildMobile.html?wtmc=twttr.shr


Geburtsdatum 01.01.2001, den Bildern nach zu urteilen?! #wirschaffendas #umf #wirsindbunt";4;4;4;;;4
1256663026163314688;Sat May 02 19:13:07 +0000 2020;"Heute erneute #Mahnwache unter dem Motto #LeaveNoOneBehind in #Einbeck
Provokationen und Bedrohungen der #Neonazis inklusive
Wir machen immer weiter. Jetzt erstrecht!
Weitere Fotos @doku_nKuhn  #Flickr: https://flic.kr/s/aHsmMXAfN7


#FckNzs #NoNazis #Seebrücke #Antifa #RefugeesWelcome";1;1;1;;;1
1237328630113501185;Tue Mar 10 10:45:08 +0000 2020;"#Flüchtlingskrise - so kann man einen Akt der Aggression gegen einen souveränen Staat natürlich auch nennen.


#Griechenland #Laschet #Syrien https://twitter.com/ArminLaschet/status/1237324525806723072";3;1;?;3;;3
1181236372243439617;Mon Oct 07 15:54:32 +0000 2019;For the first time 10 year #Portugal yield less than 10 year #Spain . 10 year Portugal yield at 0.12% while 10 year Spain yield at 0.13%. #eurobonds;4;4;4;;;4
1215628915903029249;Fri Jan 10 13:38:13 +0000 2020;"A woman and 2 girls push a wheelbarrow towards the outskirts of Azraq refugee camp.
Azraq refugee camp is home to 42,000 Syrian refugees, nearly 50% of whom are under 5 years.


#crisis #refugees #refugeeswelcome #humanitarian
#OnAssignment #Jordan #Syria #AzraqRefugeeCamp 
#…";1;1;1;;;1
1188030074907512837;Sat Oct 26 09:50:17 +0000 2019;"@BaronGreen_Back:""Here is an interesting tidbit.Kenya's debt distress is NOT because of Chinese loans but rather the syndicated loans &amp; #Eurobonds.And while we can point to projects when it comes to Chinese loans,we can't do the same with akina Eurobond""
#Ethiopia 
CC @marabyssi";4;1;?;4: Rule 4.3;;4
1235467462449094656;Thu Mar 05 07:29:31 +0000 2020;"""Abwehr einer #Flüchtlingskrise"" - Wie nennt man jemand, der Menschen als Krise begreift und meint sie abwehren zu müssen? Ist #Seehofer eben doch ein alter #NaziOpa?


https://www.augsburger-allgemeine.de/politik/SPD-lobt-Seehofers-Vorgehen-zur-Abwehr-neuer-Fluechtlingskrise-id56967341.html";1;1;1;;;1
1226585355274641409;Sun Feb 09 19:15:12 +0000 2020;"Die SED-Sekretärin für Agitation und Propaganda hat gesprochen und ebnet Deutschland den Weg in kommunistische Zeiten. Frei nach dem Motto #wirschaffendas #wirsindmehr #Thueringen 
#CDU auf Spuren der #SED
#Dankemerkel";2;2;2;;;2
1208476249242382336;Sat Dec 21 19:56:04 +0000 2019;"#Teamwork
#Herausforderung
Zusammen arbeiten statt Hetzen!
Wir schaffen das!
#wirschaffendas
via http://Gif-Finder.com";3;1;?;1;;1
1252512702024613888;Tue Apr 21 08:21:13 +0000 2020;"In their letter to the @EU_Commission,  🇫🇷, 🇩🇪, 🇮🇹 &amp; 🇪🇸 propose offshore registrations, security &amp; medical checks, and identification of #asylumseekers.


""The idea could possibly end the gridlock over 🇪🇺 asylum reforms""🗨️@ICMPD's DG Michael Spindelegger


➡️https://euobserver.com/migration/148109";4;3;?;3;;3
1261905033576296449;Sun May 17 06:22:59 +0000 2020;Displaced persons—including #refugees, #asylumseekers,internally displaced people, and stateless people often live in especially cramped quarters,have limited access to #health services, are not included in public information campaigns,#work in the informal economy #COVID19 https://twitter.com/RefugeesIntl/status/1261863263245086733;1;1;1;;;1
1264172513224990720;Sat May 23 12:33:08 +0000 2020;"120 Menschen haben sich heute in #Lübeck beim bundesweiten Aktionstag #LEAVENOONEBEHIND beteiligt, die #Evakuierung der Lager und Aufnahme aller Menschen gefordert! #WirHabenPlatz  #Seebrücke
#LeaveNoOneBehind #RefugeesWelcome";1;1;1;;;1
1183723321516539904;Mon Oct 14 12:36:47 +0000 2019;"As multiple legacies of failed #NeoLiberalism intensify (#ClimateEmergency, #RefugeeCrisis, war, poverty) it’s time 4 middle class liberals to make up their minds; accommodate #LiarJohnson &amp; Farage’s racism &amp; hate, or side with the mass movement of #Corbynism 4 justice &amp; peace. https://twitter.com/CompassOffice/status/1183691387021254656";3;4;?;3;;3
;;;;;;;;
;;;;;;;;
;;;;;;;;
;;;;;;;;
;;;;;;;;
;;;;;;;;
;;;;;;;;
;;;;;;;;
;;;;;;;;
;;;;;;;;
;;;;;;;;
;;;;;;;;
;;;;;;;;
;;;;;;;;
;;;;;;;;
;;;;;;;;
;;;;;;;;
;;;;;;;;
;;;;;;;;
;;;;;;;;
;;;;;;;;
;;;;;;;;
;;;;;;;;
;;;;;;;;
;;;;;;;;
;;;;;;;;
;;;;;;;;
;;;;;;;;
;;;;;;;;
;;;;;;;;
;;;;;;;;
;;;;;;;;
;;;;;;;;
;;;;;;;;
;;;;;;;;
;;;;;;;;
;;;;;;;;
;;;;;;;;
;;;;;;;;
;;;;;;;;
;;;;;;;;
;;;;;;;;
;;;;;;;;
;;;;;;;;
;;;;;;;;
;;;;;;;;
;;;;;;;;
;;;;;;;;
;;;;;;;;
;;;;;;;;
;;;;;;;;
;;;;;;;;
;;;;;;;;
;;;;;;;;
;;;;;;;;
;;;;;;;;
;;;;;;;;
;;;;;;;;
;;;;;;;;
;;;;;;;;
;;;;;;;;
;;;;;;;;
;;;;;;;;
;;;;;;;;
;;;;;;;;
;;;;;;;;
;;;;;;;;
;;;;;;;;
;;;;;;;;
;;;;;;;;
;;;;;;;;
;;;;;;;;
;;;;;;;;
;;;;;;;;
;;;;;;;;
;;;;;;;;
;;;;;;;;
;;;;;;;;
;;;;;;;;
;;;;;;;;
;;;;;;;;
;;;;;;;;
;;;;;;;;
;;;;;;;;
;;;;;;;;
;;;;;;;;
;;;;;;;;
;;;;;;;;
;;;;;;;;
;;;;;;;;
;;;;;;;;
;;;;;;;;
;;;;;;;;
;;;;;;;;
;;;;;;;;
;;;;;;;;
;;;;;;;;
;;;;;;;;
;;;;;;;;
;;;;;;;;
;;;;;;;;
;;;;;;;;
;;;;;;;;
;;;;;;;;
;;;;;;;;
;;;;;;;;
;;;;;;;;
;;;;;;;;
;;;;;;;;
;;;;;;;;
;;;;;;;;
;;;;;;;;
;;;;;;;;
;;;;;;;;
;;;;;;;;
;;;;;;;;
;;;;;;;;
;;;;;;;;
;;;;;;;;
;;;;;;;;
;;;;;;;;
;;;;;;;;
;;;;;;;;
;;;;;;;;
;;;;;;;;
;;;;;;;;
;;;;;;;;
;;;;;;;;
;;;;;;;;
;;;;;;;;
;;;;;;;;
;;;;;;;;
;;;;;;;;
;;;;;;;;
;;;;;;;;
;;;;;;;;
;;;;;;;;
;;;;;;;;
;;;;;;;;
;;;;;;;;
;;;;;;;;
;;;;;;;;
;;;;;;;;
;;;;;;;;
;;;;;;;;
;;;;;;;;
;;;;;;;;
;;;;;;;;
;;;;;;;;
;;;;;;;;
;;;;;;;;
;;;;;;;;
;;;;;;;;
;;;;;;;;
;;;;;;;;
;;;;;;;;
;;;;;;;;
;;;;;;;;
;;;;;;;;
;;;;;;;;
;;;;;;;;
;;;;;;;;
;;;;;;;;
;;;;;;;;
;;;;;;;;
;;;;;;;;
;;;;;;;;
;;;;;;;;
;;;;;;;;
;;;;;;;;
;;;;;;;;
;;;;;;;;
;;;;;;;;
;;;;;;;;
;;;;;;;;
;;;;;;;;
;;;;;;;;
;;;;;;;;
;;;;;;;;
;;;;;;;;
;;;;;;;;
;;;;;;;;
;;;;;;;;
;;;;;;;;
;;;;;;;;
;;;;;;;;
;;;;;;;;
;;;;;;;;
;;;;;;;;
;;;;;;;;
;;;;;;;;
;;;;;;;;
;;;;;;;;
;;;;;;;;
;;;;;;;;
;;;;;;;;
;;;;;;;;
;;;;;;;;
;;;;;;;;
;;;;;;;;
;;;;;;;;
;;;;;;;;
;;;;;;;;
;;;;;;;;
;;;;;;;;
;;;;;;;;
;;;;;;;;
;;;;;;;;
;;;;;;;;
;;;;;;;;
;;;;;;;;
;;;;;;;;
;;;;;;;;
;;;;;;;;
;;;;;;;;
;;;;;;;;
;;;;;;;;
;;;;;;;;
;;;;;;;;
;;;;;;;;
;;;;;;;;
;;;;;;;;
;;;;;;;;
;;;;;;;;
;;;;;;;;
;;;;;;;;
;;;;;;;;
;;;;;;;;
;;;;;;;;
;;;;;;;;
;;;;;;;;
;;;;;;;;
;;;;;;;;
;;;;;;;;
;;;;;;;;
;;;;;;;;
;;;;;;;;
;;;;;;;;
;;;;;;;;
;;;;;;;;
;;;;;;;;
;;;;;;;;
;;;;;;;;
;;;;;;;;
;;;;;;;;
;;;;;;;;
;;;;;;;;
;;;;;;;;
;;;;;;;;
;;;;;;;;
;;;;;;;;
;;;;;;;;
;;;;;;;;
;;;;;;;;
;;;;;;;;
;;;;;;;;
;;;;;;;;
;;;;;;;;
;;;;;;;;
;;;;;;;;
;;;;;;;;
;;;;;;;;
;;;;;;;;
;;;;;;;;
;;;;;;;;
;;;;;;;;
;;;;;;;;
;;;;;;;;
;;;;;;;;
;;;;;;;;
;;;;;;;;
;;;;;;;;
;;;;;;;;
;;;;;;;;
;;;;;;;;
;;;;;;;;
;;;;;;;;
;;;;;;;;
;;;;;;;;
;;;;;;;;
;;;;;;;;
;;;;;;;;
;;;;;;;;
;;;;;;;;
;;;;;;;;
;;;;;;;;
;;;;;;;;
;;;;;;;;
;;;;;;;;
;;;;;;;;
;;;;;;;;
;;;;;;;;
;;;;;;;;
;;;;;;;;
;;;;;;;;
;;;;;;;;
;;;;;;;;
;;;;;;;;
;;;;;;;;
;;;;;;;;
;;;;;;;;
;;;;;;;;
;;;;;;;;
;;;;;;;;
;;;;;;;;
;;;;;;;;
;;;;;;;;
;;;;;;;;
;;;;;;;;
;;;;;;;;
;;;;;;;;
;;;;;;;;
;;;;;;;;
;;;;;;;;
;;;;;;;;
;;;;;;;;
;;;;;;;;
;;;;;;;;
;;;;;;;;
;;;;;;;;
;;;;;;;;
;;;;;;;;
;;;;;;;;
;;;;;;;;
;;;;;;;;
;;;;;;;;
;;;;;;;;
;;;;;;;;
;;;;;;;;
;;;;;;;;
;;;;;;;;
;;;;;;;;
;;;;;;;;
;;;;;;;;
;;;;;;;;
;;;;;;;;
;;;;;;;;
;;;;;;;;
;;;;;;;;
;;;;;;;;
;;;;;;;;
;;;;;;;;
;;;;;;;;
;;;;;;;;
;;;;;;;;
;;;;;;;;
;;;;;;;;
;;;;;;;;
;;;;;;;;
;;;;;;;;
;;;;;;;;
;;;;;;;;
;;;;;;;;
;;;;;;;;
;;;;;;;;
;;;;;;;;
;;;;;;;;
;;;;;;;;
;;;;;;;;
;;;;;;;;
;;;;;;;;
;;;;;;;;
;;;;;;;;
;;;;;;;;
;;;;;;;;
;;;;;;;;
;;;;;;;;
;;;;;;;;
;;;;;;;;
;;;;;;;;
;;;;;;;;
;;;;;;;;
;;;;;;;;
;;;;;;;;
;;;;;;;;
;;;;;;;;
;;;;;;;;
;;;;;;;;
;;;;;;;;
;;;;;;;;
;;;;;;;;
;;;;;;;;
;;;;;;;;
;;;;;;;;
;;;;;;;;
;;;;;;;;
;;;;;;;;
;;;;;;;;
;;;;;;;;
;;;;;;;;
;;;;;;;;
;;;;;;;;
;;;;;;;;
;;;;;;;;
;;;;;;;;
;;;;;;;;
;;;;;;;;
;;;;;;;;
;;;;;;;;
;;;;;;;;
;;;;;;;;
;;;;;;;;
;;;;;;;;
;;;;;;;;
;;;;;;;;
;;;;;;;;
;;;;;;;;
;;;;;;;;
;;;;;;;;
;;;;;;;;
;;;;;;;;
;;;;;;;;
;;;;;;;;
;;;;;;;;
;;;;;;;;
;;;;;;;;
;;;;;;;;
;;;;;;;;
;;;;;;;;
;;;;;;;;
;;;;;;;;
;;;;;;;;
;;;;;;;;
;;;;;;;;
;;;;;;;;
;;;;;;;;
;;;;;;;;
;;;;;;;;
;;;;;;;;
;;;;;;;;
;;;;;;;;
;;;;;;;;
;;;;;;;;
;;;;;;;;
;;;;;;;;
;;;;;;;;
;;;;;;;;
;;;;;;;;
;;;;;;;;
;;;;;;;;
;;;;;;;;
;;;;;;;;
;;;;;;;;
;;;;;;;;
;;;;;;;;
;;;;;;;;
;;;;;;;;
;;;;;;;;
;;;;;;;;
;;;;;;;;
;;;;;;;;
;;;;;;;;
;;;;;;;;
;;;;;;;;
;;;;;;;;
;;;;;;;;
;;;;;;;;
;;;;;;;;
;;;;;;;;
;;;;;;;;
;;;;;;;;
;;;;;;;;
;;;;;;;;
;;;;;;;;
;;;;;;;;
;;;;;;;;
;;;;;;;;
;;;;;;;;
;;;;;;;;
;;;;;;;;
;;;;;;;;
;;;;;;;;
;;;;;;;;
;;;;;;;;
;;;;;;;;
;;;;;;;;
;;;;;;;;
;;;;;;;;
;;;;;;;;
;;;;;;;;
;;;;;;;;
;;;;;;;;
;;;;;;;;
;;;;;;;;
;;;;;;;;
;;;;;;;;
;;;;;;;;
;;;;;;;;
;;;;;;;;
;;;;;;;;
;;;;;;;;
;;;;;;;;
;;;;;;;;
;;;;;;;;
;;;;;;;;
;;;;;;;;
;;;;;;;;
;;;;;;;;
;;;;;;;;
;;;;;;;;
;;;;;;;;
;;;;;;;;
;;;;;;;;
;;;;;;;;
;;;;;;;;
;;;;;;;;
;;;;;;;;
;;;;;;;;
;;;;;;;;
;;;;;;;;
;;;;;;;;
;;;;;;;;
;;;;;;;;
;;;;;;;;
;;;;;;;;
;;;;;;;;
;;;;;;;;
;;;;;;;;
;;;;;;;;
;;;;;;;;
;;;;;;;;
;;;;;;;;
;;;;;;;;
;;;;;;;;
;;;;;;;;
;;;;;;;;
;;;;;;;;
;;;;;;;;
;;;;;;;;
;;;;;;;;
;;;;;;;;
;;;;;;;;
;;;;;;;;
;;;;;;;;
;;;;;;;;
;;;;;;;;
;;;;;;;;
;;;;;;;;
;;;;;;;;
;;;;;;;;
;;;;;;;;
;;;;;;;;
;;;;;;;;
;;;;;;;;
;;;;;;;;
;;;;;;;;
;;;;;;;;
;;;;;;;;
;;;;;;;;
;;;;;;;;
;;;;;;;;
;;;;;;;;
;;;;;;;;
;;;;;;;;
;;;;;;;;
;;;;;;;;
;;;;;;;;
;;;;;;;;
;;;;;;;;
;;;;;;;;
;;;;;;;;
;;;;;;;;
;;;;;;;;
;;;;;;;;
;;;;;;;;
;;;;;;;;
;;;;;;;;
;;;;;;;;
;;;;;;;;
;;;;;;;;
;;;;;;;;
;;;;;;;;
;;;;;;;;
;;;;;;;;
;;;;;;;;
;;;;;;;;
;;;;;;;;
;;;;;;;;
;;;;;;;;
;;;;;;;;
;;;;;;;;
;;;;;;;;
;;;;;;;;
;;;;;;;;
;;;;;;;;
;;;;;;;;
;;;;;;;;
;;;;;;;;
;;;;;;;;
;;;;;;;;
;;;;;;;;
;;;;;;;;
;;;;;;;;
;;;;;;;;
;;;;;;;;
;;;;;;;;
;;;;;;;;
;;;;;;;;
;;;;;;;;
;;;;;;;;
;;;;;;;;
;;;;;;;;
;;;;;;;;
;;;;;;;;
;;;;;;;;
;;;;;;;;
;;;;;;;;
;;;;;;;;
;;;;;;;;
;;;;;;;;
;;;;;;;;
;;;;;;;;
;;;;;;;;
;;;;;;;;
;;;;;;;;
;;;;;;;;
;;;;;;;;
;;;;;;;;
;;;;;;;;
;;;;;;;;
;;;;;;;;
;;;;;;;;
;;;;;;;;
;;;;;;;;
;;;;;;;;
;;;;;;;;
;;;;;;;;
;;;;;;;;
;;;;;;;;
;;;;;;;;
;;;;;;;;
;;;;;;;;
;;;;;;;;
;;;;;;;;
;;;;;;;;
;;;;;;;;
;;;;;;;;
;;;;;;;;
;;;;;;;;
;;;;;;;;
;;;;;;;;
;;;;;;;;
;;;;;;;;
;;;;;;;;
;;;;;;;;
;;;;;;;;
;;;;;;;;
;;;;;;;;
;;;;;;;;
;;;;;;;;
;;;;;;;;
;;;;;;;;
;;;;;;;;
;;;;;;;;
;;;;;;;;
;;;;;;;;
;;;;;;;;
;;;;;;;;
;;;;;;;;
;;;;;;;;
;;;;;;;;
;;;;;;;;
;;;;;;;;
;;;;;;;;
;;;;;;;;
;;;;;;;;
;;;;;;;;
;;;;;;;;
;;;;;;;;
;;;;;;;;
;;;;;;;;
;;;;;;;;
;;;;;;;;
;;;;;;;;
;;;;;;;;
;;;;;;;;
;;;;;;;;
;;;;;;;;
;;;;;;;;
;;;;;;;;
;;;;;;;;
;;;;;;;;
;;;;;;;;
;;;;;;;;
;;;;;;;;
;;;;;;;;
;;;;;;;;
;;;;;;;;
;;;;;;;;
;;;;;;;;
;;;;;;;;
;;;;;;;;
;;;;;;;;
;;;;;;;;
;;;;;;;;
;;;;;;;;
;;;;;;;;
;;;;;;;;
;;;;;;;;
;;;;;;;;
;;;;;;;;
;;;;;;;;
;;;;;;;;
;;;;;;;;
;;;;;;;;
;;;;;;;;
;;;;;;;;
;;;;;;;;
;;;;;;;;
;;;;;;;;
;;;;;;;;
;;;;;;;;
;;;;;;;;
;;;;;;;;
;;;;;;;;
;;;;;;;;
;;;;;;;;
;;;;;;;;
;;;;;;;;
;;;;;;;;
;;;;;;;;
;;;;;;;;
;;;;;;;;
;;;;;;;;
;;;;;;;;
;;;;;;;;
;;;;;;;;
;;;;;;;;
;;;;;;;;
;;;;;;;;
;;;;;;;;
;;;;;;;;
;;;;;;;;
;;;;;;;;
;;;;;;;;
;;;;;;;;
;;;;;;;;
;;;;;;;;
;;;;;;;;
;;;;;;;;
;;;;;;;;
;;;;;;;;
;;;;;;;;
;;;;;;;;
;;;;;;;;
;;;;;;;;
;;;;;;;;
;;;;;;;;
;;;;;;;;
;;;;;;;;
;;;;;;;;
;;;;;;;;
;;;;;;;;
;;;;;;;;
;;;;;;;;
;;;;;;;;
;;;;;;;;
;;;;;;;;
;;;;;;;;
;;;;;;;;
;;;;;;;;
;;;;;;;;
;;;;;;;;
;;;;;;;;
;;;;;;;;
;;;;;;;;
;;;;;;;;
;;;;;;;;
;;;;;;;;
;;;;;;;;
;;;;;;;;
;;;;;;;;
;;;;;;;;
;;;;;;;;
;;;;;;;;
;;;;;;;;
;;;;;;;;
;;;;;;;;
;;;;;;;;
;;;;;;;;
;;;;;;;;
;;;;;;;;
;;;;;;;;
;;;;;;;;
;;;;;;;;
;;;;;;;;
;;;;;;;;
;;;;;;;;
;;;;;;;;
;;;;;;;;
;;;;;;;;
;;;;;;;;
;;;;;;;;
;;;;;;;;
;;;;;;;;
;;;;;;;;
;;;;;;;;
;;;;;;;;
;;;;;;;;
;;;;;;;;
;;;;;;;;
;;;;;;;;
;;;;;;;;
;;;;;;;;
;;;;;;;;
;;;;;;;;
;;;;;;;;
;;;;;;;;
;;;;;;;;
;;;;;;;;
;;;;;;;;
;;;;;;;;
;;;;;;;;
;;;;;;;;
;;;;;;;;
;;;;;;;;
;;;;;;;;
;;;;;;;;
;;;;;;;;
;;;;;;;;
;;;;;;;;
;;;;;;;;
;;;;;;;;
;;;;;;;;
;;;;;;;;
;;;;;;;;
;;;;;;;;
;;;;;;;;
;;;;;;;;
;;;;;;;;
;;;;;;;;
;;;;;;;;
;;;;;;;;
;;;;;;;;
;;;;;;;;
;;;;;;;;
;;;;;;;;
;;;;;;;;
;;;;;;;;
;;;;;;;;
;;;;;;;;
;;;;;;;;
;;;;;;;;
;;;;;;;;
;;;;;;;;
;;;;;;;;
;;;;;;;;
;;;;;;;;
;;;;;;;;