id;date;text;Ying;Daniel;Agreement;Dan;Tobias;Agreement;Comment Alexandra
1191713772991385602;Tue Nov 05 13:47:59 +0000 2019;"#Naftogaz placed #Eurobonds in the amount of $500 million 


#news #energy #gas #KosatkaMedia #Ukraine
https://kosatka.media/en/category/gaz/news/naftogaz-razmestil-evroobligacii-na-summu-500-mln#.XcF9fxJmOvQ.twitter";4;4;4;;;4;
1225347806128418816;Thu Feb 06 09:17:37 +0000 2020;"Aufruf der #Seebrücke in #Dortmund zum #Aktionstag #WirHabenPlatz am 08.02.: Die Aktivist*innen fordern die Aufnahme von geflüchteten Kindern und Jugendlichen aus #Griechenland #refugeeswelcome #SichererHafen


https://www.nordstadtblogger.de/dortmund-als-sicherer-hafen-fuer-gefluechtete-kinder-und-jugendliche-in-griechenland-soll-thema-im-rat-werden/#comment-19319";1;1;1;;;1;
1247458930781028352;Tue Apr 07 09:39:20 +0000 2020;"""The virus does not discriminate and neither must we..."" #COVID19 #asylumseekers @JRSUK @FreefromTorture https://www.indcatholicnews.com/news/39302 via @icn_uk";1;1;1;;;1;
1197877250454118401;Fri Nov 22 13:59:26 +0000 2019;I've just emailed all the candidates who hope to be my next MP, asking them to stand with refugees. #GE2019 #RefugeesWelcome. Will you do the same?  https://act.refugee-action.org.uk/page/51619/action/1?en_chan=tw&locale=en-GB&ea.tracking.id=Twitter-sharing&en_ref=149952280;1;1;1;;;1;
1192036412658475008;Wed Nov 06 11:10:02 +0000 2019;#IslamicState #bomb #refugeecrisis Knowledge is power site:Brit #MPs deslike attack on Syria http://bit.ly/1dg9UTW;4;4;4;;;4;
1214145804983840769;Mon Jan 06 11:24:52 +0000 2020;"As part of our 20th Anniversary we are exhibiting 20 stories from 20 amazing people that we have worked with over the last 20 years.  Check it out at #Newcastle City Library from 6th to 17th January. 
#asylumseekers #refugees @ToonLibraries @NewcastleCC #library #WERS20";1;1;1;;;1;
1257351599896363009;Mon May 04 16:49:16 +0000 2020;@BrettEverest #Italy 🇮🇹 must be so happy to be over run with #ThirdWorld #barbaric #primitive #backward #savage #immigrants #migrants #illegals #refugees #AsylumSeekers, forced upon their once beautiful country by the #corrupt #bullying #EU @EUCouncil #FederalState #dictatorship 😡 #Italexit;2;2;2;;;2;
1256865593522900992;Sun May 03 08:38:03 +0000 2020;Brilliant work by @JRSUK and other charities on the front line. We can’t protect public health or the most vulnerable people without giving everyone here leave to remain #RefugeesWelcome https://twitter.com/SLCT2015/status/1256822737735163907;1;1;1;;;1;
1257805841140527108;Tue May 05 22:54:16 +0000 2020;"They aren't seeking sanctuary in France.


Please donate to support those who find a home here. https://bit.ly/34r4hDt


#RefugeesWelcome https://twitter.com/UK_National/status/1257712296178192386";1;1;1;;;1;
1243495523866349570;Fri Mar 27 11:10:10 +0000 2020;"Der Balkan gehört zu Europa!


Falls Sie anderer Meinung sind, dürfen Sie solche Leute NICHT wählen!


#Europa
#Eurobonds https://twitter.com/vonderleyen/status/1242472655443251200";3;3;3;;;3;
1255854085280083982;Thu Apr 30 13:38:41 +0000 2020;"As a former @UNDP staff member I subscribe to this UNHCR  @Refugees campaign for this insignificant product in Europe called “soap”


Even more in those times of #COVID19 being able to wash your hands can help to survive.


#SupportRefugees #RefugeesWelcome https://twitter.com/Refugees/status/1254816732637736962";1;1;1;;;1;
1179780154031247360;Thu Oct 03 15:28:02 +0000 2019;Immer mehr Flüchtlinge in #Griechenland: um eine neue #Flüchtlingskrise zu verhindern reist Innenminister #Seehofer nach #Griechenland und in die #Türkei. https://www.zdf.de/nachrichten/heute/steigende-fluechtlingszahlen-in-griechenland-faq-100.html#xtor=CS5-62;1;4;?;3;4, just Information about Seehofers visit. But the author just wants to inform.;4;I would award this tweet a 4, while it is about the refugeecrisis and a discussion we are interested in, there is no indication of solidarity/anti-solidarity
1183335484040400898;Sun Oct 13 10:55:39 +0000 2019;Doctor of Lampedusa: The man who saved thousands via @RTENewsNow #refugees #IWelcome #RefugeesWelcome  https://www.rte.ie/news/world/2019/1011/1082686-pietro-bartolo/;1;1;1;;;1;
1214573690572201984;Tue Jan 07 15:45:08 +0000 2020;"@cducsubt @spdbt #Bundesregierung diese Menschen werden auch bei uns vor der Tür stehen.
Dagegen war die #Flüchtlingskrise von 2015 eine nette Gartenparty.
Stellt euch also auf gigantische Migrationswellen ein oder #ActNow! https://twitter.com/MuellerTadzio/status/1214571543679979520";3;2;?;2;2, because of the choice of words. But 3 would also be right.;2;"Tweet is sarcastic ""2015 war dagegen eine nette Gartenparty"", so I would go for 2"
1258158305735819267;Wed May 06 22:14:50 +0000 2020;"A ICE detainee from Otay Mesa Detention Center has died from #COVID19. 


#USA #US #ICE #asylumseekers";3;4;?;3;4, because it's about the US and not EU.;4;Would also go with 4 (maybe 3), as there is not really a indication of solidary or anti-solidary identifyable
1260517649190133760;Wed May 13 10:30:01 +0000 2020;"@AthenaFreedom20 Asylum seekers do not damage ""societal cohesion"", they enhance society. That is not the point though. The UK has moral and international obligations to shelter #refugees .
Most of the work I have done for #AsylumSeekers has been unpaid or underpaid. 
Do I detect some racism here?";1;1;1;;;1;
1244277440224071682;Sun Mar 29 14:57:13 +0000 2020;"@_Seebruecke_ @BMI_Bund gerade eine PN an @BMI_Bund geschickt, Inhalt: Online zur Demo
#LeaveNoOneBehind
#grenzenauf
#grenzentoeten
#RefugeesWelcome
#WirHabenPlatz
#NoBorders
#Moria
#Lesbos
#SaveThemAll";1;1;1;;;1;
1216292465570918401;Sun Jan 12 09:34:56 +0000 2020;"„Wir dürfen ihrem Elend nicht länger tatenlos zusehen“ sagt @borispistorius zur Aufnahme von minderjährigen Geflüchteten. 
Wie schaut's im Sicheren Hafen #Hildesheim aus? #WirHabenPlatz!


@mitmeyer @HIgruen @FDP_Stadt_HI @hinews @tonkuhle @citytoday_hi
#refugeeswelcome";1;1;1;;;1;
1211339501131485186;Sun Dec 29 17:33:37 +0000 2019;"Carola Rackete travelling to #Argentina.


IOM, the migrant travel agency, sending daily tweets
about Syrians migrating to Argentina...


Puuuuure coincidence, folks....!
#Refugees #RefugeesWelcome #migrants #Refugeesgr";3;3;3;;;3;
1207320810970636289;Wed Dec 18 15:24:46 +0000 2019;On International #MigrantsDay, we are focusing on Know Your Rights, our legal education program developed to empower #asylumseekers and #refugees to better understand and advocate for their rights. We are committed to upholding #accesstojustice for the most vulnerable in society;1;1;1;;;1;
1242503156656996354;Tue Mar 24 17:26:51 +0000 2020;"Die Versorgung mit Medikamenten ist unglaublich wichtig in dieser Zeit. Vielen Danke an alle Menschen die diese gerade gewährleisten.
#stayhome #wirschaffendas";1;1;1;;;1;
1185302373415211010;Fri Oct 18 21:11:22 +0000 2019;"@Alfred996 @Belajute @AfD Der rasche Wechsel von Maßstäben, Kennzeichen der Linken. 
#WirSindMehr, außer wenn nicht die Mehrheit #RefugeesWelcome taggt.
#WirSindMehr, außer dass ein #Tempolimit längst Gesetz wäre, wenns die Mehrheit wollte.
#WirSindMehr, außer wenn die Mehrheit der Baumaschinen (1/2)";2;2;2;;;2;
1217506811865157632;Wed Jan 15 18:00:18 +0000 2020;"DUNKIRK UPDATE: Yesterday at around 8am police started clearing an area around a group of abandoned warehouses in Dunkirk. c. 500 people have been sleeping rough there in recent weeks. 
Read the full update at: https://care4calais.org/news/dunkirk-update-3/ 
#refugees #HumanityFirst #RefugeesWelcome";1;1;1;;;1;
1222153380266684417;Tue Jan 28 13:44:07 +0000 2020;"#Suicide attempts, aggressive behaviour, sleep disorders and bedwetting –these are just some of the symptoms displayed by many young #asylumseekers &amp; #refugees in #Libya who have faced violence &amp; suffering at home as well as during their dangerous journeys.https://www.unhcr.org/news/stories/2020/1/5e3008ed4/challenge-helping-child-refugees-libya-overcome-trauma.html";1;1;1;;;1;
1217777688020226048;Thu Jan 16 11:56:40 +0000 2020;@PamPaielsamela @Ragna_roekr Sie werden aber im großen Stil veruntreut, #Wirschaffendas, #Eurorettung, #Energiewende, #EUWahnsinn usw.;2;2;2;;;2;
1263901766359359488;Fri May 22 18:37:17 +0000 2020;"#healthinequalities in England are worsening during #COVID19. 


In our @DOTW_UK Rapid Needs Assessment, read how #asylumseekers #sexworkers #peh #irregularmigrants #gypsyromatraveller &amp; others are being further excluded during the pandemic and what must urgently be done about it. https://twitter.com/DOTW_UK/status/1263811556959309825";1;1;1;;;1;
1221150258736046080;Sat Jan 25 19:18:04 +0000 2020;@StephenMcGann Problem is that trying to be kind to some (#asylumseekers, #hosts, #refugees) can make one really quite short-tempered with eg local authorities, Home Office, accommodation providers who are not themselves very kind #hostileenvironment;2;4;?;3;1, because the author is solidaric with refugees and shows that local authorities doesn't make this easy.;1;This is a clear one to me, as the author says that when you yourself want to help, authorities are setting up a system that makes it hard, so you yourself becomes short tempered as a result of this. Therefore the author is solidary with refugees
1176135914583728129;Mon Sep 23 14:07:08 +0000 2019;#Pakistan: The finance ministry has decided to introduce a medium-term note (MTN) programme to float #Eurobonds and international #Sukuk for a period of one year in an attempt to increase the foreign reserves of the country. https://bit.ly/2Qlv291;4;4;4;;;4;
1169711260360986626;Thu Sep 05 20:37:51 +0000 2019;@Tasso2000 @Disfosgen @EinfeldMr @welt Ich denke.... #wirschaffendas 😉;1;3;?;3;1, The tweet is neutral but the hashtag is solidaric.;1;For me this is a really unclear tweet, because apparently I read everything in a sarcastic tone. But per rule, #wirschaffendas is a positive hashtag, therefore this would be a 1 for me
1231633650183266312;Sun Feb 23 17:35:19 +0000 2020;@satriani222 @SawsanChebli Wunderschön nenne ich das. Unglaublich was für eine wunderbare offene Gesellschaft wir sind. Wir haben zwar noch sehr viel Arbeit vor uns, jedoch haben wir auch viel schon geschafft. #wirschaffendas #hamburgwaehlt;1;4;?;4;;4;
1180523040242896896;Sat Oct 05 16:40:00 +0000 2019;"Panne bei Regierungsflieger: Seehofer sitzt drei Stunden fest


 #Abend #Airbus #bild #CSU #Fest #Flüchtlingskrise #HorstSeehofer #Köln #Kurz #laut #Luftwaffe #Migration #München #Panne #Passagiere #Rückflug #Rückreise #Seehofer #Sicherheit #Uhr #Zeitung https://presse-augsburg.de/panne-bei-regierungsflieger-seehofer-sitzt-drei-stunden-fest/496966/";3;4;?;3;4, this has nothing to do with solidarity it just informs that the plane didn't work.;4;4, don't see the relevance
1224718008968523776;Tue Feb 04 15:35:02 +0000 2020;50% of refugees who arrived in Germany after 2013 have jobs. Thanks to dedicated language an integration programmes this is a marked progress compared to previous generations. Yes!!! 😀#RefugeesWelcome https://twitter.com/derspiegel/status/1224681847893954560;1;1;1;;;1;
1169133381411643394;Wed Sep 04 06:21:34 +0000 2019;Seenotrettung überall #rettungsboot #hamburg #welovehh #welovehamburg #safepassage #övelgönne #elbstrandhamburg #finkenwerder #finkenwerderundzurück #diestadtbleibtbunt #refugeeswelcome #seewatch #igramershamburg… https://www.instagram.com/p/B1-qKl1gRoy/?igshid=1ggnmbcymmuq8;1;1;1;;;1;
1216773027007991808;Mon Jan 13 17:24:30 +0000 2020;"""Ich denke, dass wir nur den Weg über die Kommunen machen, indem den Kommunen tatsächlich mehr Mitspracherecht gegeben wird.""


Ausschnitte aus der Bundespressekonferenz.
#WirHabenPlatz
#RefugeesWelcome


https://www.youtube.com/watch?v=quNBWF8TSTU";1;4;?;1;;1;1, the hashtags are positive and show solidary with refugees
1227209889929404416;Tue Feb 11 12:36:52 +0000 2020;Ob #Flüchtlingskrise, Ressourcenknappheit oder #Umweltverschmutzung: Die neue Ausstellung „Making crises visible“ im @Senckenberg Naturmuseum lässt die #Krisen unserer Zeit über #Kunst und #Gestaltung sichtbar werden. https://www.journal-frankfurt.de//journal_news/Kultur-9/Ausstellung-Making-crises-visible-Die-Visualisierung-von-Krisen-Kriegen-und-Konflikten-35326.html;4;4;4;;;4;
1179104702300069889;Tue Oct 01 18:44:02 +0000 2019;"Geht an die AfD!
2019 bis jetzt fast 1.000 Tote im Mittelmeer 
Seit 2014 um 15000!
Kein schlechtes Gewissen? Nein! 
#AfDgehoertnichtzuDeutschland #AfDVerbot #flüchtlingskrise 


Quelle: https://missingmigrants.iom.int/region/mediterranean


https://www.zdf.de/nachrichten/heute/flucht-nach-europa-2019-fast-1-000-tote-im-mittelmeer-100.html#xtor=CS5-21";1;1;1;;;1;
1248548727607959552;Fri Apr 10 09:49:48 +0000 2020;"@Keir_Starmer ....and the 100s of 1000s of #CharitiesInCrisis &amp; their #volunteers still reeling from10 yrs of #austerity, continual cuts to core grants, increasing work loads, &amp; still support those left behind but facing a funding abyss as all sources are all directed to #NHS.
#refugees";1;4;?;4;4, it's about the NHS and not solidarity.;4;
1199651563469463552;Wed Nov 27 11:29:55 +0000 2019;@Michael_O_Regan Now this is required for #homelessness #hospitals #childpoverty #disabled #asylumseekers #carers and all the other failures of this #finegael government. On the streets we need to be.;3;4;?;1;1, the author want to motivate people to demonstrate and show solidarity. Not sure for what.;1;"I agree with Tobias; The author clearly wants to achiee something for disadvantaged groups, so therefore I would say its soliary, 1"
1200721232959803392;Sat Nov 30 10:20:24 +0000 2019;"In der Politik denken viele die ""#Flüchtlingskrise"" sei überstanden.


Die wirkliche Krise steht uns noch bevor. Was passiert mit Migranten, die sich nicht assimilieren oder integrieren, gesellschaftlich auf der Strecke bleiben &amp; keinen Job finden? #BAMF


https://www.welt.de/politik/deutschland/article203847362/Hans-Eckhard-Sommer-BAMF-Praesident-warnt-vor-dauerhafter-Fluechtlings-Armut-in-Deutschland.html?fbclid=IwAR1iWHPQm8IUO4Wow4h3JglLuLEKeaR9P3GwQca3OzlvrU5u1qIM0tqRsYk";1;4;?;3;3, for the tweet I would say it's 2, but with the link I think the author could also try to show problems and that they need to find ways to help the refugees that are already here.;3;I would say it's a 2 as it frames the problem that asylum seekers can run into another crisis, but I agree, with the link in mind it seems more like a 3
1189062905846734849;Tue Oct 29 06:14:23 +0000 2019;#Migration : Die #Kosten der #Flüchtlingskrise https://www.handelsblatt.com/politik/deutschland/migration-die-kosten-der-fluechtlingskrise/25146570.html?share=twitter;3;3;3;;;3;
1261991218487136257;Sun May 17 12:05:27 +0000 2020;"@ecmagenda @Telegraph Surely we must continue with #HS2 at all costs.. 🤔 
We must build better transport links for our future generations of #Muslims #Muslamics #Islamics #immigrants #migrants #illegals #refugees #AsylumSeekers #IslamicExtremists, don't you think.. 🤔😒😡😡😡😡😡#StopHS2Now 😡😡😡😡";2;2;2;;;2;
1257724387207385089;Tue May 05 17:30:35 +0000 2020;"Liebe @spdthl, habt ihr echt eure Empatie verloren? Eure Menschlichtkeit? #Thüringen ist sicherer Hafen!
#LeaveNoOneBehind #savethemall #WirHabenPlatz #RefugeesWelcome 
@GruenerDirk @gruenethl @Astrid_RB @ErikMarquardt  @_Seebruecke_ @SPDThueringen @seawatchcrew @EqualRightsBB";1;1;1;;;1;
1177190658278350848;Thu Sep 26 11:58:18 +0000 2019;"media.
Anyway, who reads this post which is responsible for my case. I must tell you FUCK YOU ASSHOLE 🖕🏾
⠀
#LAGeSo #Jobcenter #Bezirksamt #Berlin #Germany #Refugees #RefugeesWelcome";2;4;?;2;"2, first because of the language and secound because of the ""braun"" emoji in combination with refugees";2;
1177057073550516224;Thu Sep 26 03:07:29 +0000 2019;Verrückt... #Wirschaffendas https://www.welt.de/politik/deutschland/article200937346/Ruecknahme-Abkommen-Bundespolizei-holt-Fluechtling-aus-Griechenland.html;2;3;?;3;2, the author does not support bringing refugees into Germany. So he shows no solidarity against refugees.;3;I'd say it's not clear here what the author wants to say. Verrückt can be either positive or negative? So I'd say it's ambivalent, 3
1235114430721126402;Wed Mar 04 08:06:42 +0000 2020;"From 2018 but still valid:


It’s tragic that today, we need to make people remember this basic fact: all refugees, displaced persons and migrants deserve to have their human rights respected. They ALL deserve to be treated with dignity.


https://www.youthforum.org/blog-we-need-stop-treating-migrants-security-issue
#RefugeesWelcome";1;1;1;;;1;
1207006596246786049;Tue Dec 17 18:36:12 +0000 2019;Migrant arrivals in Europe from Turkey nearly double. According to a confidential EU report, 70,000 migrants have crossed from Turkey to the EU this year. The numbers raise questions about whether an #EUTurkeyDeal is unravelling https://www.dw.com/en/migrant-arrivals-in-europe-from-turkey-nearly-double-in-2019/a-51702064 #RefugeeCrisis #HumanRights;4;4;4;;;4;
1233283537761165312;Fri Feb 28 06:51:23 +0000 2020;"Ach, die Verantwortlichen machen einfach auf #überrascht.
#Wirschaffendas https://twitter.com/efganidoenmez/status/1233170509996666880";3;3;3;;;3;
1245255814648147970;Wed Apr 01 07:44:56 +0000 2020;"We asked for 3 things in our letter to TDs re #asylumseekers &amp; #directprovision during #COVID2019IRELAND. We've gone over @DeptJusticeIRL
's press release and don't feel they have been adequately addressed. Here's why: ... [a thread] @masi_asylum https://twitter.com/DeptJusticeIRL/status/1245061437757763584";3;3;3;;;3;
1260907119521431553;Thu May 14 12:17:38 +0000 2020;"""#Hungary was fighting a fake 'invisible enemy' in the #refugeecrisis, now it is fighting a real one in #COVID19 


@BardPetra from @ceu elaborates on the state of emergency in Hungary


/5";4;4;4;;;4;
1233815789985320963;Sat Feb 29 18:06:22 +0000 2020;"Keeping promises requires sincerity, a significant value making a huge difference in human communication as well as international affairs.


#NATO
#UN
#EU
#Russia #Syria #Iran
#RefugeeCrisis
#UNHRC https://twitter.com/dp_tugbaortac/status/1233815582774087685/photo/1";4;4;4;;;4;
1193062656556580864;Sat Nov 09 07:07:58 +0000 2019;Step 3/12!!!! Heute starten wir wieder durch!! Beginn: 14:00!!! Trials of Comp [Help] hoffe wieder auf eure tolle Unterstützung!!!! Path to Partner continues!!!  #destiny2 #ps4 #freelegendcomphelp #pvp #gemeinsamzumPartner #wirschaffendas #nurmiteuch #twitch #streamer;4;4;4;;;4;
1228047315136581633;Thu Feb 13 20:04:30 +0000 2020;Please sign this petition to close down Yarl’s Wood - a disgrace of an immigration detention centre for women. There have been years of abuse allegations and testimony of inhumane treatment - it's now time to act. http://jessphillips.net/yarls_wood_petition #yarlswood #refugees #asylumseekers;1;1;1;;;1;
1169324253382094849;Wed Sep 04 19:00:01 +0000 2019;Facharbeiter für Messer-Technik wieder im Einsatz...#Wirschaffendas https://www.morgenpost.de/226987987?utm_source=Facebook&utm_medium=Social&utm_campaign=share&__pwh=gMHD5oySYkWN7DjaCUNVdA%3D%3D;4;4;4;;;4;
1209069767400869889;Mon Dec 23 11:14:30 +0000 2019;"So eine PR Aktion gabs doch schon mal.
Wirt hilft Schwangerer obwohl er ausgebucht ist.
2000 Jahre später wird das immernoch gefeiert.


#Habeck
#menschlichkeit
#refugeeswelcome


https://www.bild.de/politik/inland/politik-inland/heftige-kritik-nach-habeck-vorstoss-pr-aktion-kurz-vor-weihnachten-hilft-nicht-66888346.bild.html";1;3;?;3;3, this can be meant in both ways. But it could also be 1 based on the hashtags.;3;
1239166830297702401;Sun Mar 15 12:29:29 +0000 2020;Trendet eigentlich der Hashtag #wirschaffendas schon wieder? Wenn nicht, sollten wir das mal angehen? #Corona #COVID2019;4;4;4;;;4;
1235460312536690688;Thu Mar 05 07:01:06 +0000 2020;Hope you have a bright future. #turkeygreeceborder #Refugees #RefugeeCrisis #turkey #Greece_Turkey_Borders;1;4;?;1;1, because of the author wishes for the refugees to have a bright future. But can also be menant sacastic. Greece didn't let them in, so they stuck at the border. Then it would be 2.;1;
1245302507854839812;Wed Apr 01 10:50:29 +0000 2020;"Vor 15 Jahren habe ich die Intercessio GmbH gegründet - bisher war mir nicht nach Congrats zumute. Das  @_intercessio -Team sieht es anders.


Danke für die Blumen @Anna_Dollhaeubl  @U_KeuT @Caro_Sauer @CaroMatthiae  💕
#Astimegoesby #IntercessioFamily #Wirschaffendas";4;4;4;;;4;
1209105481790296070;Mon Dec 23 13:36:25 +0000 2019;Alle die über #RefugeesWelcome heulen und den Untergang Europas herbeireden, sollten mal in die 10er Jahre des 20. Jahrhunderts schauen. Damals waren es Europäer die in die USA als Wirtschaftsflüchtlinge flüchteten. Wer im Glashaus sitzt.. ihr wisst ja!;3;1;?;3;1, the author makes a reference to european history to convince people to show more solidarity.;1;"1, the author is solidary with refugees and defends them against people who ""whine about refugeesWelcome"""
1204385658787250176;Tue Dec 10 13:01:32 +0000 2019;Had the privilege of visiting refugee settlements in Lebanon two months ago. I’m very proud of the film we made for a foundation trying to educate kids unable to make it to school. https://youtu.be/ExqhV-Hozgw #syria #refugeecrisis #lebanon;1;1;1;;;1;
1174946795488591872;Fri Sep 20 07:22:00 +0000 2019;Wie absurd die #Flüchtlingskrise ist, merkt man spätestens, wenn man #Seehofer verteidigen muss. https://twitter.com/MatthiasMeisner/status/1174946291836583938;3;3;3;;;3;
1219905367133577216;Wed Jan 22 08:51:18 +0000 2020;"I greatly commend the effort of various NGOs that are involved in the swift humanitarian response of #Refugees and #migrants in the Mediterranean sea.
@SOSMedIntl @seawatchcrew @RefugeeRescueUK @openarms_found
@MSF_Sea #OceanViking 


#RefugeesWelcome 
#RefugeesLiveMatters";1;1;1;;;1;
1183578795007234048;Mon Oct 14 03:02:29 +0000 2019;Wer war da am Werk 🤔 #Wirschaffendas ❓ https://www.general-anzeiger-bonn.de/region/sieg-und-rhein/niederkassel/niederkassel-mordkommission-ermittelt-schwer-verletzte-frau-gefunden_aid-46466221;4;2;?;4;2, with the combination of the hashtag and the link I assume the author want to ;2;This is 2, author assumes that refugees are criminals
1190340886414188548;Fri Nov 01 18:52:37 +0000 2019;Lucky Khambule from @masi_asylum on @rtenews hit the nail on the head: if people are so concerned about #directprovision being inhuman, why only protest when #asylumseekers are coming to their town? Why don't they join the official MASI protests or engage with MASI at all?;3;3;3;;;3;
1204707643958480897;Wed Dec 11 10:20:59 +0000 2019;@welt #Migrationskrise ?? .. 2015 hieß sie noch #Flüchtlingskrise .. #Relotius 😁😂🤣;2;4;?;3;;4;I'd say it has nothing to do with solidary, so a 4
1201537642430685198;Mon Dec 02 16:24:32 +0000 2019;"""#Uzbekistan to make it mandatory for foreign brokers to have a local presence/partnerships to arrange #Eurobonds for Uzbek issuers. It aimed at curbing the practice of suitcase banking in the former #Soviet republic"". Reasonable, @sam_bhutia do you agree?
https://www.reuters.com/article/us-uzbekistan-bonds-regulations-exclusiv/exclusive-uzbekistan-plans-regulations-against-suitcase-banking-idUSKBN1Y61I1";4;4;4;;;4;
1196814405574496262;Tue Nov 19 15:36:04 +0000 2019;I've just emailed all the candidates who hope to be my next MP, asking them to stand with refugees. #GE2019 #RefugeesWelcome. Will you do the same?  https://act.refugee-action.org.uk/page/51619/action/1?en_chan=tw&locale=en-GB&ea.tracking.id=Twitter-sharing&en_ref=149984426;1;1;1;;;1;
1198182286920945664;Sat Nov 23 10:11:33 +0000 2019;Grußworte von Domenico Lucano (ehemaliger Bürgermeister aus Raice, Italien). Ein wichtiger Verbündeter für Menschlichkeit und gegen Salvini und Co.✊ Der Prozess gegen ihn ist eine Farce. #linkelpt #RefugeesWelcome;1;1;1;;;1;
1229770755258359809;Tue Feb 18 14:12:50 +0000 2020;I cannot for the life of me read any more tweets about the #Eurobonds but it seems like the situation is simple. Its shit both ways. You’re dammed if you do and dammed if you dont. #لبنان#لبنان_ينتفض;3;4;?;4;4, because its about finaces.;4;
1246426237561683968;Sat Apr 04 13:15:47 +0000 2020;Nationale Egoismen anstatt europäischer Solidarität waren die größten Gefahren für Europa nach 2008. Vernünftig Handeln heißt auch, Fehler aus der Vergangenheit nicht zu wiederholen. #Eurobonds #EU #Sigmaringen https://twitter.com/Thomas_Bareiss/status/1246345271723900928;1;1;1;;;1;
1253289503088934913;Thu Apr 23 11:47:57 +0000 2020;#wir #produzieren #trotzcorona #corona #2020 #leprinxol #schmierstoffe #lubricants #oil #wirschaffendas #stayhealthy #staysafe @ Bremen, Germany https://www.instagram.com/p/B_UnqdJoFSZ/?igshid=ihs9n4c1r53f;1;4;?;4;4, it's about a comany that produces oil regardless of the crona crisis. Has nothing to do with solidarity.;4;
1197026900167794688;Wed Nov 20 05:40:27 +0000 2019;"@CoESR_migration @coe @CoEHELP @evapastrana3 ""To be launched?""


There are 1,500 #unaccompaniedminors on #Lesvos almost 5 yrs since the #refugeecrisis?


No more reports- we need to be pro-active. We need solutions. We need action.
We can assist you.
#coworkingspaces #community #socent #impinv #EULesvos #SDGs @changemakerslab";1;1;1;;;1;
1227538192137703424;Wed Feb 12 10:21:26 +0000 2020;Really lovely story about a boy from Syria who is now the star of the local rugby team despite never having played rugby before he moved to Wales https://www.walesonline.co.uk/news/wales-news/young-syrian-refugee-who-star-17712523 #RefugeesWelcome;1;1;1;;;1;
1221808041127043082;Mon Jan 27 14:51:51 +0000 2020;"#Ukraine completes issuance of ten-year #Eurobonds, - @MinFin_Ukraine


https://112.international/finance/ukraine-completes-issuance-of-ten-year-eurobonds-ministry-of-finance-47931.html";4;4;4;;;4;
1197533944121573376;Thu Nov 21 15:15:16 +0000 2019;Wer das Mandat der #EZB ändern will, sollte über alle Aspekte einer reformierten Währungsunion sprechen: von #Eurobonds bis Schuldenregeln und von Einlagensicherung bis Eurofinanzminister. https://www.zeit.de/wirtschaft/2019-11/europaeische-zentralbank-kritik-ezb-euro-helmut-kohl;4;4;4;;;4;
1218868229583593473;Sun Jan 19 12:10:06 +0000 2020;"@Steinhoefel jetzt gibt es schon Preise für Objektivität? WOW
#Morgenmagazin #GoldeneKamera #Flüchtlingskrise";4;4;4;;;4;
1251884661866926085;Sun Apr 19 14:45:36 +0000 2020;@BMI_Bund 141 Städte und Länder in Deutschland sind aufnahmebereit. Griechische Lager sofort KOMPLETT evakuieren! #LeaveNoOneBehind #WirHabenPlatz #OpenTheBorders #leavenoonebehind #seebruecke #raiseyourvoice #onlineactivism #moria #refugeeswelcome #refugees #opentheborders;1;1;1;;;1;
1234451693905076224;Mon Mar 02 12:13:13 +0000 2020;#rummenigge wenn Du dich für irgendwas wirklich aufrichtig schämen willst, dann für die @Europarl_DE die Menschen an den Aussengrenzen lieber erbärmlich sterben lässt, als Ihnen Hilfe und Asyl zu gewähren! #RefugeesWelcome #Fluechtlinge;1;1;1;;;1;
1261996371030278145;Sun May 17 12:25:56 +0000 2020;@MelisaHalpin @RBoydBarrett @rtetwip @pb4p Good for it seems to me to be discriminatory towards over 66’s . And #asylumseekers who are working.  #taxpayers. Whose going to take this up I wonder.;1;4;?;4;;4;
1219325767886176256;Mon Jan 20 18:28:11 +0000 2020;Quick - there's not much time to email your MP to ensure child refugees can reunite with family. I just emailed my MP, do the same now. #scrap37 #refugeeswelcome  http://act.newmode.social/615789633t;1;1;1;;;1;
1199652750193242112;Wed Nov 27 11:34:38 +0000 2019;@erlassjahr @D_Brautigam In fact, the IMF´s Regional Economic Outlook for Sub-Saharan Africa provides a nuanced story for the holders of public debt: one of the most dynamic element of foreign debt are now #Eurobonds (not bilateral debt) since 2014.;4;4;4;;;4;
1171341005188227072;Tue Sep 10 08:33:52 +0000 2019;How does this help #Refugees  integrate into our community? #RefugeesWelcome @DawnWestgate @cllrpauljames  can you do something? https://twitter.com/Stephierollie/status/1171339034456678400;1;1;1;;;1;
1182604001029677062;Fri Oct 11 10:29:00 +0000 2019;"View from a Window is just one of the fantastic poems created in #Portsmouth for the Community Conversations exhibition. 
Head to Central Library Portsmouth 15 Oct - 16 Nov to see poetry created by #pompey locals.
#JourneysPorts #refugeeswelcome 
https://www.journeysfestival.com/poetryexhibitionports";1;4;?;1;1, the tweet does not say anything but refugesswelcome is solidaric.;1;
1256511167251599360;Sat May 02 09:09:41 +0000 2020;"The #EU Returns Directive stipulates that detainees must be released if “a reasonable prospect of removal no longer exists. 


@EJPD_DFJP_DFGP #migration #asylumseekers #asylum #Schweiz #EU #Spain #Switzerland


https://www.euronews.com/2020/04/29/countries-suspending-immigration-detention-due-to-coronavirus-let-s-keep-it-that-way-view https://twitter.com/EiriOhtani/status/1255536994614153222";1;1;1;;;1;
1247580076721479680;Tue Apr 07 17:40:43 +0000 2020;„Bei Druckabfall legen Sie zuerst die Sauerstoffmaske an und helfen Sie anschließend anderen!“ Diese Reihenfolge könnte auch den einzelnen Länder in der #Coronakrise helfen. #Europa #Eurobonds #ESM #Rettungsschirm;3;3;3;;;3;
1216417904729653248;Sun Jan 12 17:53:23 +0000 2020;"#RT #followerpower
Bei mir trendet #hass in der #TL 
Wie wäre es, wenn wir stattdessen mal #liebe trenden lassen würden? Kommt, zusammen schaffen wir das auf #Twitter!


#gefühl #pläne #momente #wirschaffendas #herzen #loveislove";1;4;?;4;;4;
1259138571077910531;Sat May 09 15:10:03 +0000 2020;@chapman020 Are they on a bonus scheme for the number of #immigrants #migrants #illegals #refugees #AsylumSeekers #IslamicExtremists they can bring ashore to the eternally suffering #UK 🇬🇧 FFS 😡😡;2;2;2;;;2;
1234886835442266112;Tue Mar 03 17:02:19 +0000 2020;Fantastic day at the Senedd celebrating a belated St Davids Day and learning more about Wales and how it is governed. Thank you to all those who came to say hello and wish asylum seekers and refugees in Wales a warm welcome. #WeAreWales #NationOfSanctuary #RefugeesWelcome;1;1;1;;;1;
1261180292284506112;Fri May 15 06:23:07 +0000 2020;On the blink – The European Union is having a bad crisis. #EU #EuropeanUnion #DebtMutualisation #Eurobonds https://www.economist.com/leaders/2020/05/14/the-european-union-is-having-a-bad-crisis;4;3;?;4;;4;
1203658346659753985;Sun Dec 08 12:51:27 +0000 2019;"🇬🇷 Offizielle Eröffnung ist am 20. Dezember


Helft bitte, #homeless #Refugeesgr in #Athens zu unterstützen.
Danke!


#refugee #refugees #RefugeesWelcome #greek


http://PayPal.me/linbrown4
3/3


https://twitter.com/OurHouseEU/status/1203642252670619650";1;1;1;;;1;
1187178121986019328;Thu Oct 24 01:24:55 +0000 2019;"#EssexLorryDeaths  #RefugeeCrisis 


This horrific event was not caused by lax border controls but by governments that force the most vulnerable to risk their lives ...


You do these things... https://www.theguardian.com/commentisfree/2019/oct/23/essex-lorry-borders-governments";1;1;1;;;1;
1219373096529989633;Mon Jan 20 21:36:15 +0000 2020;@Klammerbua Ich hab die Raute vergessen, #wirschaffendas.;4;4;4;;;4;
1236346404940939264;Sat Mar 07 17:42:07 +0000 2020;"Das Gruppenbild der GJ-Delegierten dieses Mal aus aktuellem Anlass mit klarer Botschaft!
#ldksn #WirHabenPlatz #refugeeswelcome";1;1;1;;;1;
1235196778351296515;Wed Mar 04 13:33:55 +0000 2020;.@MargSchinas refuses to answer if it is legal for #Greece to use rubber bullets against #asylumseekers at the border with #Turkey (de facto saying it is a proportionate use of force);3;1;?;3;3, because the author does not take a stand against using force.;3;
1186660581652226048;Tue Oct 22 15:08:24 +0000 2019;Man geht mir dieses Türken - Kurden Gedöne auf den Keks...#Wirschaffendas https://www.derwesten.de/227428575?utm_source=Facebook&utm_medium=Social&utm_campaign=share;4;4;4;;;4;
1194665603388321798;Wed Nov 13 17:17:30 +0000 2019;I need to have a closer look at the report, but the estimate for the UK seems too high. The UK has only marginally being affected by the 2013-2015 #refugeecrisis, and does more forced/voluntary removals than other EU states... https://twitter.com/CVar_Sil/status/1194633329795985409;3;3;3;;;3;
1198302823320051718;Sat Nov 23 18:10:31 +0000 2019;Wow Ali 🤩 this is wonderful - very creative, I like the message behind the drawings ☺️ #RefugeesWelcome #art #Creative #artists #KidsSay https://twitter.com/mawyamusa/status/1198295083507953665;1;1;1;;;1;
1220247066682765313;Thu Jan 23 07:29:06 +0000 2020;"Ukraine places 10-year #Eurobonds worth €1,25 billion at 4.3% per annum 


https://112.international/finance/ukraine-places-10-year-eurobonds-worth-125-billion-at-43-per-annum-47790.html";4;4;4;;;4;
1208878789629009922;Sun Dec 22 22:35:37 +0000 2019;#Ukraine's $ 3 billion #debt on #Eurobonds not included in #gas agreement with #Russia, - Russia's Deputy Prime Minister https://112.international/finance/ukrainies--3-billion-debt-on-eurobonds-was-not-included-in-gas-agreement-with-russia-russian-deputy-prime-minister-46810.html;4;4;4;;;4;
1175139546457096197;Fri Sep 20 20:07:55 +0000 2019;@ZDFheute Die #Klimakrise wird gebraucht, um die #Flüchtlingskrise zu beerdigen.;3;3;3;;;3;
1227994339785220096;Thu Feb 13 16:34:00 +0000 2020;"32nd #deportation flight from #Germany 🇩🇪 to #Afghanistan 🇦🇫 since Dec 2016


👉🏽 868 failed #asylumseekers sent back in past 3 years
👉🏽 returns to war-torn country are controversial
👉🏽 @ProAsyl: deporting men with wives &amp; families against legal guidelines
https://www.infomigrants.net/en/post/22761/germany-deports-afghan-migrants-amid-recent-surge-of-violence";3;4;?;3;1, the show solidarity by showing that the deporation flight are in a warzone and not covered by legal guidelines. Also the @ProAsyl;1;returns to war-torn countries and deportations against legal guidelines shows to me that the author is solidary with refugees, so would annotate a 1 here
1210665831325151234;Fri Dec 27 20:56:41 +0000 2019;"@MitschAlexander Hauptproblem der kranken Krankenkassen, sind vor allem Eure sogen. ""Flüchtlinge"". #Wirschaffendas muss sofort beendet und eine große #Verabschiedungskultur begonnen werden.";2;2;2;;;2;
1187337800091426817;Thu Oct 24 11:59:25 +0000 2019;Executive Summary “We have a broken heart here. We feel insecure. No one wants to help us.” – “Aisha,” trans refugee #woman from #Somalia. Up to 150,000 #refugees and #asylumseekers reside in the urban centers of #Nairobi and Mombasa, #Kenya https://twitter.com/nyamoriv/status/1187310914728534017;1;1;1;;;1;
1200390843422707714;Fri Nov 29 12:27:33 +0000 2019;**What a week! Delivered boxes of donations to Swansea Humanitarian Aid Response Project yesterday!** #Refugees #RefugeesWelcome #worldfamily #sharethelove #kindness #love #donations #Wales;1;1;1;;;1;
1191741639594840064;Tue Nov 05 15:38:43 +0000 2019;"Erinnert Ihr Euch noch an die &gt;&gt;Großen&lt;&lt; Worte von #Seehofer ... #Wirschaffendas https://www.focus.de/politik/fluechtlings-abkommen-nur-34-fluechtlinge-im-schnellverfahren-nach-griechenland-zurueckgeschickt_id_11306245.html?fbc=fb-shares";3;2;?;;;2;"""die großen Worte"" and #wirschaffendas sounds sarcastic to me, also the link that ""only"" 34 asylumseekers were sent back to Greece, would point towards anti-solidary"
1233655676011995136;Sat Feb 29 07:30:08 +0000 2020;All closing borders does is increase the death toll as they are forced to take ever greater risks in an attempt to find that safety. So, how about instead of blaming #Refugees for the racism they face we start confronting the racists instead and actually make #RefugeesWelcome?;1;1;1;;;1;
1222485385550405632;Wed Jan 29 11:43:23 +0000 2020;"#WirhabenPlatz am 08. Februar in #Berlin 
Für die Evakuierung und sofortige Aufnahme 4.000 unbegleiteter minderjähriger Geflüchteter aus den Lagern auf den griechischen Inseln nach Deutschland! 
@SeebrueckeB #Refugees #refugeeswelcome #seebrücke";1;1;1;;;1;
1190162462890504192;Fri Nov 01 07:03:37 +0000 2019;"As #Greece grapples with a rising number of #asylumseekers, the country's Parliament voted in favor of a new bill which introduces sweeping changes that streamline and shorten the #asylum process and facilitate deportations / #immigration #refugees
https://www.politico.eu/article/greece-toughen-asylum-rules-as-migrant-arrivals-rise/";3;4;?;;4, the author just informs and does not show his own oppinion.;4;
1262029086949617665;Sun May 17 14:35:56 +0000 2020;"Jumping on the flutter sector of Zionist's subliminal communications
Tuesday, via a Tip.


NLP Formula for protesters globally.
This one's for ""Activist""


Spread the word👁️


#RefugeeCrisis
Debunked by @BritishLebanese
Founder of @LebaneseTips
#Charity";3;4;?;4;;4;
1188023600743358464;Sat Oct 26 09:24:33 +0000 2019;This morning @MHLibraryLee in #Lee #Lewisham #Hithergreen #RefugeesWelcome https://twitter.com/LRWTeam/status/1184842553767747584;1;3;?;;1, because of the hashtag.;1;
1194989407645962240;Thu Nov 14 14:44:11 +0000 2019;"#Energoatom is considering issuing #Eurobonds 


#news #energy #electricity #KosatkaMedia #Ukraine
https://kosatka.media/en/category/elektroenergiya/news/energoatom-rassmatrivaet-vozmozhnost-vypuskat-evroobligaciy#.Xc1oMfRL-rs.twitter";4;4;4;;;4;
1223202544182317057;Fri Jan 31 11:13:07 +0000 2020;"Spending Brexit day collecting money at work for @chooselove. Because you can have your narrow minded victory but I'll continue to fight for what's right. 
#RefugeesWelcome #ChooseLove 
#BrexitIdiocy";1;1;1;;;1;
1252269346526765059;Mon Apr 20 16:14:12 +0000 2020;"@cherubimu @ArminLaschet Drei dicke Pluspunkte hat sie bei mir:
Atomausstieg nach #Fukoshima
Haltung i d „#Flüchtlingskrise“
Haltung i d #Coronakrise";3;1;?;;1, this is about Merkel and by saying that her attiture in 2015 (refugree cirsis) was good it can just be meant solidaric.;1;
1188865460210585600;Mon Oct 28 17:09:48 +0000 2019;#Metinvest has successfully completed the transaction to extend the maturity of its outstanding #Eurobonds.;4;4;4;;;4;
1248912842230624256;Sat Apr 11 09:56:39 +0000 2020;"Deshalb fordern wir die Bundes- und Landesregierung zur sofortigen Aufnahme von Geflüchteten auf! #wirhabenplatz
Mehr dazu kannst du in den Pressemitteilungen der Grüne Jugend Bayern und Seebrücke nachlesen.
#leavenoonebehind
#refugeeswelcome
#keinmenschistillegal #moria
5/5";1;1;1;;;1;
1256285980975300609;Fri May 01 18:14:53 +0000 2020;Hoch die internationale Solidarität! ✊ #1Mai #TagderArbeit #Solidaritaet #wirschaffendas;1;1;1;;;1;
1168303722083962880;Sun Sep 01 23:24:48 +0000 2019;"A day of protest to support the #Biloela family’s right to remain in Australia, and the Murdoch trolls are out in force - coincidence - I’ll leave it to the immortal bard to answer that ...


The Murdoch press doth protest too much, methinks ...


#RefugeesWelcome";3;3;3;;;3;
1243112379933757440;Thu Mar 26 09:47:41 +0000 2020;"„Wir haben in dieser Situation zwar allen Grund, europäischen Zusammenhalt zu üben. Für einen weiteren europäischen Zentralisierungsprozess, der mit #Eurobonds begonnen wird, spricht jedoch nichts.“
Sehr lesenswertes v @schnellenbachj - u.a. zu #Eurobonds 
http://wirtschaftlichefreiheit.de/wordpress/?p=27003";3;2;?;;;2;Would say it's a 2 as the author says there is nothing that would justify introducing Eurobonds, which are an indicator for solidarity in Europe
1252300449908219921;Mon Apr 20 18:17:48 +0000 2020;"I hope this works smoothly... @DASH_ASYLUM_UK @ChristinaSimpk6 @rogers_steffi
#AsylumSeekers #COVIDー19 https://twitter.com/refugeecouncil/status/1252162144872923138";3;3;3;;;3;
1204074864203583489;Mon Dec 09 16:26:32 +0000 2019;"#AsylumSeekers are NOT illegal. 
The way they are being treated IS illegal:


#Trump is violating BOTH International AND Domestic Law. #ImpeachAndRemove 


#CrimesAgainstChildren #CrimesAgainstHumanity #FamiliesBelongTogether 


 https://foreignpolicy.com/2019/08/07/trumps-asylum-policies-and-the-troops-who-enforce-them-are-breaking-the-law/";1;1;1;;;1;
1216916582007549952;Tue Jan 14 02:54:57 +0000 2020;"It's not too late to pick up a cozy sweatshirt from our @Bonfire shop!


Wear this #RefugeesWelcome sweatshirt as a gesture of solidarity.


Best of all, each purchase provides critical aid for refugee families.


https://www.bonfire.com/ctf-refugees-welcome/


#WearBonfire
#CarryTheFuture";1;1;1;;;1;
1203748020015259650;Sun Dec 08 18:47:47 +0000 2019;"A blog post (not written by me) about the work me and many others do in #Bristol to try and help #AsylumSeekers. Please give it a read and if you are moved to, do click donate at the bottom. I'm Esther in this article. #hostileenvironment 


https://migration.blogs.bristol.ac.uk/2019/12/05/so-far-from-justice-on-the-frontline-of-the-hostile-environment/?fbclid=IwAR2M-BVBgmWdH1JKBwQkvCdAOGzgiUVeS99AxQZMZxUoeSE4KynnzhPuevg";1;1;1;;;1;
1229726314829144066;Tue Feb 18 11:16:15 +0000 2020;The librarian of Moria – and other tales of hope from the notorious refugee camp  https://www.theguardian.com/world/2020/feb/18/librarian-moria-tales-hope-refugee-camp #Lesbos #Moria #RefugeeCrisis #HumanRights #AsylumSeekers #OpenTheIslands;1;3;?;1;1, the author wants to point out the bad conditions at the refugeecamps.;1;
1197158116971950080;Wed Nov 20 14:21:51 +0000 2019;.@Refugees reminding UN Member States at the 30th Anniversary of the Convention on the Rights of the Child that the #CRC applies to ALL #children EVERYWHERE irrespective of if they are #Refugees #AsylumSeekers, #InternallyDisplaced or a certain ethnicity, nationality or faith;1;1;1;;;1;
1204090055222087682;Mon Dec 09 17:26:54 +0000 2019;Aha ... in UK organisiert der Staat jetzt Anti-Terror-Training für die Bevölkerung ... mit Religionen und Kulturkreisen hat das natürlich nichts zu tun ... #Wirschaffendas https://www.telegraph.co.uk/news/2019/12/08/free-counter-terrorism-training-offered-online-police-britons/?WT.mc_id=tmg_share_fb;1;2;?;;"2, because the author points out that the training is help ""fighting"" against certain religions or cultures.";2;
1228329355593633792;Fri Feb 14 14:45:14 +0000 2020;Grün wirkt: Rat der Stadt Dortmund beschließt Aufnahme Geflüchteter aus griechischen Lagern. Danke an #seebrückedortmund fürs Druck machen auf der Straße! Danke an Grüne Fraktion für den Antrag. #sichererhafen #wirhabenplatz #RefugeesWelcome;1;1;1;;;1;
1258808681279389697;Fri May 08 17:19:11 +0000 2020;"@derspiegel We can take everyone. It's our historical responsibility.


#wirhabenplatz #refugeeswelcome";1;1;1;;;1;
1230503551958474752;Thu Feb 20 14:44:43 +0000 2020;Bei -25 Grad hat jemand das Fenster im Konferenzraum über Nacht offen gelassen. War ein erfrischendes Meeting heute morgen! #Kiruna #WinterinLapland #Wirschaffendas;4;4;4;;;4;
1187047969369051142;Wed Oct 23 16:47:44 +0000 2019;"#Metinvest has successfully completed the transaction to extend the maturity of its outstanding #Eurobonds. The deal received strong support from the global investor community and top European financial institutions.
More information:
https://metinvestholding.com/en/media/news/metinvest-vipustil-evroobligacii-v-dvuh-valyutah-i-prodlil-sroki-pogasheniya-dolgovih-obyazateljstv
#steel #steelindustry";4;4;4;;;4;
1203399109840953347;Sat Dec 07 19:41:20 +0000 2019;"We had a lovely afternoon at the @GrIPInclusion #greenwichsanctuaryproject party for #refugee families today, with the most delicious food &amp; lots of friends. #RefugeesWelcome";1;1;1;;;1;
1195428275729977344;Fri Nov 15 19:48:05 +0000 2019;#IslamicState #bomb #refugeecrisis Knowledge is power site:Brit #MPs deslike attack on Syria http://bit.ly/1dg9UTW;4;4;4;;;4;
1219661294682497025;Tue Jan 21 16:41:27 +0000 2020;"@manick62 @HelpSheffield #Sheffield is ever so nice to #asylumseekers and #refugees too and has at least a dozen lovely #hosts. Plus a great independent cinema and 2 fab theatres. @SheffCityofSanc &amp; a very cool ex-refugee, ex-mayor @MagicMagid";1;1;1;;;1;
1178429043714220032;Sun Sep 29 21:59:12 +0000 2019;It’s not easy for Syrian Refugees in Lebanon. But going back to Syria just isn’t an option with ongoing major safety issues, and children like these need protection at all measures. Don’t forget them ! #syrianchildren #refugeecrisis #lebanon;1;1;1;;;1;
1242012574012575746;Mon Mar 23 08:57:27 +0000 2020;"""#AsylumSeekers must be moved out of #DirectProvision centres 'without delay' to avoid the rapid spread of the virus among some of the State’s most vulnerable""
https://www.irishtimes.com/news/social-affairs/vulnerable-asylum-seekers-must-be-moved-from-centres-without-delay-1.4209425";1;1;1;;;1;
1210146135349899264;Thu Dec 26 10:31:36 +0000 2019;Flüchtlingskrise in Griechenland: Asselborn fordert Solidarität von der Europäischen Union #Flüchtlingskrise #Griechenland #Asselborn https://www.tagesschau.de/ausland/eu-fluechtlingspolitik-121.html;1;1;1;;;1;
1246782646585262080;Sun Apr 05 12:52:01 +0000 2020;#SyriaTalks #RefugeeCrisis #Putin 1 author encyclopedia site:#Ummah-state to #Dictatorship http://bit.ly/1awQp8C#;4;4;4;;;4;
1252154824625455104;Mon Apr 20 08:39:08 +0000 2020;#refugees #refugeecrisis 1 author encyclopedia site:Will Islam take over Europe or will #Muslims gradually integrate http://bit.ly/SesVJ7;3;3;3;;;3;
1233823814108229632;Sat Feb 29 18:38:15 +0000 2020;"Offensichtlich gilt dieser #Flüchtlingspakt nicht mehr. Somit spart die #EU auch Milliarden Euro an #Erdogan ein und kann es für die Versorgung &amp; Unterbringung der #Flüchtlinge anderswo verwenden! 


#Flüchtlingskrise #Griechenland";1;1;1;;;1;
1260834192591634432;Thu May 14 07:27:51 +0000 2020;Seit #Merkel hat #Deutschland einige Krisen erlebt. Angefangen mit der #Eurokrise über die #Flüchtlingskrise, die #Klimakrise bis hin zur #Coronakrise. Alle Krisen hatten eines gemeinsam, Kritiker wurden diffamiert aus der Diskussion ausgeschlossen und mundtot gemacht. #infotweet;3;4;?;;2, because I think it's meant against Merkel and to support people which are anti-solidaric with refugees.;2;I would say this is a 2 as I read it as a critique on handling the refugeecrisis in 2015
1227967828797657088;Thu Feb 13 14:48:39 +0000 2020;"Under far-right PM #Orban, EU member state #Hungary 🇭🇺 introduced a law that makes it a crime to help #asylumseekers. The drop of positive asylum decisions is one of the consequences.
https://www.infomigrants.net/en/post/22755/hungary-only-60-people-granted-protection-in-2019";2;4;?;1;1, the author wants to show that the hungary law is meant angainst refugees.;1;
1168375298980605952;Mon Sep 02 04:09:13 +0000 2019;@Martyr003 Europe have to reap the consequences. They always stood with Judo-Christian Zionists in destroying the Muslim countries. Now refugees from that countries have legal and justified right to go and settle in Europe. #RefugeesWelcome;1;1;1;;;1;
1170768541659926528;Sun Sep 08 18:39:06 +0000 2019;Schweden...125 Schießereien 25Tote und 120 Sprengstoffanschläge seit Jahresbeginn...Da sage ich Bingo Schweden ist bunt #Wirschaffendas https://www.heise.de/tp/features/Schweden-Steilvorlage-fuer-die-Rechten-4512879.html;2;2;2;;;2;
1260326094101778437;Tue May 12 21:48:51 +0000 2020;"nb,


An Iranian Professor spoke of being insulted if one says Middle East.


In view of this, I question his analysis and present this as a place for EUROEAST to place 
check place prices
#refugeeCrisis donations to rva4peace (rva4peace@gmail.com) paypal, my pick for tonight.";3;4;?;4;;4;I don't see the content of solidarity in the text of the tweet really. However, it seems like refugeeCrisis is in the tweet to promote donations for this cause, which would make it solidary
1228368192093016067;Fri Feb 14 17:19:33 +0000 2020;Charity coalition demands #HomeOffice respects rights of #AsylumSeekers : adequate housing is a central human right. All involved in providing accommodation to those seeking safety in the UK must have regard to the rights impact of their decisions.  https://www.thenational.scot/news/18231087.charity-coalition-demands-asylum-seeker-protection/;1;1;1;;;1;
1219829708315119616;Wed Jan 22 03:50:40 +0000 2020;"Honduran Migrant Caravan Tries to Cross Into #Mexico 


#Guatemala #Honduras #Immigration #Migration #RefugeeCrisis #RefugeesWelcome


https://redrevolution.co.uk/2020/01/21/honduran-migrant-caravan-tries-to-cross-into-mexico/";3;3;3;;;3;
1260257991468687361;Tue May 12 17:18:14 +0000 2020;Croatian police accused of spray-painting heads of asylum seekers | UN has asked the government to investigate latest allegations of abuse against migrants crossing on Balkan route from Bosnia  https://www.theguardian.com/global-development/2020/may/12/croatian-police-accused-of-shaving-and-spray-painting-heads-of-asylum-seekers?utm_term=Autofeed&CMP=twt_gu&utm_medium&utm_source=Twitter#Echobox=1589294507 #RefugeeCrisis #HumanRights #AsylumSeekers #PoliceViolence;1;1;1;;;1;
1229763022853476352;Tue Feb 18 13:42:07 +0000 2020;"#Belarus' Development #Bank considering floating #eurobonds worth Br200m in 2020
https://eng.belta.by/economics/view/belarus-development-bank-considering-floating-eurobonds-worth-br200m-in-2020-128253-2020/
#economy #finance #funds @business @FinancialTimes @TheEconomist @EconomicTimes";4;4;4;;;4;
1181868152361078784;Wed Oct 09 09:45:00 +0000 2019;"A @LibDems Government would treat #asylumseekers fairly and with dignity, lifting the ban to allow them to work three months after they have applied 💼, writes @LordRRoberts @LibDemLords 


https://www.politicshome.com/news/uk/home-affairs/immigration/opinion/house-lords/107111/lord-roberts-we-must-end-%E2%80%98hostile";1;1;1;;;1;
1177907826578067456;Sat Sep 28 11:28:04 +0000 2019;@extra3 Ein Grund ist sicherlich auch Euer #Wirschaffendas-Wahnsinn. Dadurch ist ja die Zahl fremder Kinder hier explodiert. Auch deshalb Schluss mit #WSD+#Verabschiedungskultur.;2;2;2;;;2;
1247616611185459203;Tue Apr 07 20:05:54 +0000 2020;"Schade, dass #Seehofer nicht Geburtstag hatte. Dann hätte D 69 statt 50 Kinder aufgenommen.
#RefugeesWelcome #NoOneLeftBehind";1;1;1;;;1;
1238423283143499779;Fri Mar 13 11:14:54 +0000 2020;"Greek Asylum Agency Employees Launch #Strike Against 'Terrible Conditions' at Lesbos Refugee Camp 


#Greece #HumanRights #MiddleEastMonitor #RefugeeCrisis #RefugeesWelcome #Syria #Turkey


https://redrevolution.co.uk/2020/03/13/greek-asylum-agency-employees-launch-strike-against-terrible-conditions-at-lesbos-refugee-camp/";3;3;3;;;3;
;;;;;;;;;
;;;;;;;;;
;;;;;;;;;
;;;;;;;;;
;;;;;;;;;
;;;;;;;;;
;;;;;;;;;
;;;;;;;;;
;;;;;;;;;
;;;;;;;;;
;;;;;;;;;
;;;;;;;;;
;;;;;;;;;
;;;;;;;;;
;;;;;;;;;
;;;;;;;;;
;;;;;;;;;
;;;;;;;;;
;;;;;;;;;
;;;;;;;;;
;;;;;;;;;
;;;;;;;;;
;;;;;;;;;
;;;;;;;;;
;;;;;;;;;
;;;;;;;;;
;;;;;;;;;
;;;;;;;;;
;;;;;;;;;
;;;;;;;;;
;;;;;;;;;
;;;;;;;;;
;;;;;;;;;
;;;;;;;;;
;;;;;;;;;
;;;;;;;;;
;;;;;;;;;
;;;;;;;;;
;;;;;;;;;
;;;;;;;;;
;;;;;;;;;
;;;;;;;;;
;;;;;;;;;
;;;;;;;;;
;;;;;;;;;
;;;;;;;;;
;;;;;;;;;
;;;;;;;;;
;;;;;;;;;
;;;;;;;;;
;;;;;;;;;
;;;;;;;;;
;;;;;;;;;
;;;;;;;;;
;;;;;;;;;
;;;;;;;;;
;;;;;;;;;
;;;;;;;;;
;;;;;;;;;
;;;;;;;;;
;;;;;;;;;
;;;;;;;;;
;;;;;;;;;
;;;;;;;;;
;;;;;;;;;
;;;;;;;;;
;;;;;;;;;
;;;;;;;;;
;;;;;;;;;
;;;;;;;;;
;;;;;;;;;
;;;;;;;;;
;;;;;;;;;
;;;;;;;;;
;;;;;;;;;
;;;;;;;;;
;;;;;;;;;
;;;;;;;;;
;;;;;;;;;
;;;;;;;;;
;;;;;;;;;
;;;;;;;;;
;;;;;;;;;
;;;;;;;;;
;;;;;;;;;
;;;;;;;;;
;;;;;;;;;
;;;;;;;;;
;;;;;;;;;
;;;;;;;;;
;;;;;;;;;
;;;;;;;;;
;;;;;;;;;
;;;;;;;;;
;;;;;;;;;
;;;;;;;;;
;;;;;;;;;
;;;;;;;;;
;;;;;;;;;
;;;;;;;;;
;;;;;;;;;
;;;;;;;;;
;;;;;;;;;
;;;;;;;;;
;;;;;;;;;
;;;;;;;;;
;;;;;;;;;
;;;;;;;;;
;;;;;;;;;
;;;;;;;;;
;;;;;;;;;
;;;;;;;;;
;;;;;;;;;
;;;;;;;;;
;;;;;;;;;
;;;;;;;;;
;;;;;;;;;
;;;;;;;;;
;;;;;;;;;
;;;;;;;;;
;;;;;;;;;
;;;;;;;;;
;;;;;;;;;
;;;;;;;;;
;;;;;;;;;
;;;;;;;;;
;;;;;;;;;
;;;;;;;;;
;;;;;;;;;
;;;;;;;;;
;;;;;;;;;
;;;;;;;;;
;;;;;;;;;
;;;;;;;;;
;;;;;;;;;
;;;;;;;;;
;;;;;;;;;
;;;;;;;;;
;;;;;;;;;
;;;;;;;;;
;;;;;;;;;
;;;;;;;;;
;;;;;;;;;
;;;;;;;;;
;;;;;;;;;
;;;;;;;;;
;;;;;;;;;
;;;;;;;;;
;;;;;;;;;
;;;;;;;;;
;;;;;;;;;
;;;;;;;;;
;;;;;;;;;
;;;;;;;;;
;;;;;;;;;
;;;;;;;;;
;;;;;;;;;
;;;;;;;;;
;;;;;;;;;
;;;;;;;;;
;;;;;;;;;
;;;;;;;;;
;;;;;;;;;
;;;;;;;;;
;;;;;;;;;
;;;;;;;;;
;;;;;;;;;
;;;;;;;;;
;;;;;;;;;
;;;;;;;;;
;;;;;;;;;
;;;;;;;;;
;;;;;;;;;
;;;;;;;;;
;;;;;;;;;
;;;;;;;;;
;;;;;;;;;
;;;;;;;;;
;;;;;;;;;
;;;;;;;;;
;;;;;;;;;
;;;;;;;;;
;;;;;;;;;
;;;;;;;;;
;;;;;;;;;
;;;;;;;;;
;;;;;;;;;
;;;;;;;;;
;;;;;;;;;
;;;;;;;;;
;;;;;;;;;
;;;;;;;;;
;;;;;;;;;
;;;;;;;;;
;;;;;;;;;
;;;;;;;;;
;;;;;;;;;
;;;;;;;;;
;;;;;;;;;
;;;;;;;;;
;;;;;;;;;
;;;;;;;;;
;;;;;;;;;
;;;;;;;;;
;;;;;;;;;
;;;;;;;;;
;;;;;;;;;
;;;;;;;;;
;;;;;;;;;
;;;;;;;;;
;;;;;;;;;
;;;;;;;;;
;;;;;;;;;
;;;;;;;;;
;;;;;;;;;
;;;;;;;;;
;;;;;;;;;
;;;;;;;;;
;;;;;;;;;
;;;;;;;;;
;;;;;;;;;
;;;;;;;;;
;;;;;;;;;
;;;;;;;;;
;;;;;;;;;
;;;;;;;;;
;;;;;;;;;
;;;;;;;;;
;;;;;;;;;
;;;;;;;;;
;;;;;;;;;
;;;;;;;;;
;;;;;;;;;
;;;;;;;;;
;;;;;;;;;
;;;;;;;;;
;;;;;;;;;
;;;;;;;;;
;;;;;;;;;
;;;;;;;;;
;;;;;;;;;
;;;;;;;;;
;;;;;;;;;
;;;;;;;;;
;;;;;;;;;
;;;;;;;;;
;;;;;;;;;
;;;;;;;;;
;;;;;;;;;
;;;;;;;;;
;;;;;;;;;
;;;;;;;;;
;;;;;;;;;
;;;;;;;;;
;;;;;;;;;
;;;;;;;;;
;;;;;;;;;
;;;;;;;;;
;;;;;;;;;
;;;;;;;;;
;;;;;;;;;
;;;;;;;;;
;;;;;;;;;
;;;;;;;;;
;;;;;;;;;
;;;;;;;;;
;;;;;;;;;
;;;;;;;;;
;;;;;;;;;
;;;;;;;;;
;;;;;;;;;
;;;;;;;;;
;;;;;;;;;
;;;;;;;;;
;;;;;;;;;
;;;;;;;;;
;;;;;;;;;
;;;;;;;;;
;;;;;;;;;
;;;;;;;;;
;;;;;;;;;
;;;;;;;;;
;;;;;;;;;
;;;;;;;;;
;;;;;;;;;
;;;;;;;;;
;;;;;;;;;
;;;;;;;;;
;;;;;;;;;
;;;;;;;;;
;;;;;;;;;
;;;;;;;;;
;;;;;;;;;
;;;;;;;;;
;;;;;;;;;
;;;;;;;;;
;;;;;;;;;
;;;;;;;;;
;;;;;;;;;
;;;;;;;;;
;;;;;;;;;
;;;;;;;;;
;;;;;;;;;
;;;;;;;;;
;;;;;;;;;
;;;;;;;;;
;;;;;;;;;
;;;;;;;;;
;;;;;;;;;
;;;;;;;;;
;;;;;;;;;
;;;;;;;;;
;;;;;;;;;
;;;;;;;;;
;;;;;;;;;
;;;;;;;;;
;;;;;;;;;
;;;;;;;;;
;;;;;;;;;
;;;;;;;;;
;;;;;;;;;
;;;;;;;;;
;;;;;;;;;
;;;;;;;;;
;;;;;;;;;
;;;;;;;;;
;;;;;;;;;
;;;;;;;;;
;;;;;;;;;
;;;;;;;;;
;;;;;;;;;
;;;;;;;;;
;;;;;;;;;
;;;;;;;;;
;;;;;;;;;
;;;;;;;;;
;;;;;;;;;
;;;;;;;;;
;;;;;;;;;
;;;;;;;;;
;;;;;;;;;
;;;;;;;;;
;;;;;;;;;
;;;;;;;;;
;;;;;;;;;
;;;;;;;;;
;;;;;;;;;
;;;;;;;;;
;;;;;;;;;
;;;;;;;;;
;;;;;;;;;
;;;;;;;;;
;;;;;;;;;
;;;;;;;;;
;;;;;;;;;
;;;;;;;;;
;;;;;;;;;
;;;;;;;;;
;;;;;;;;;
;;;;;;;;;
;;;;;;;;;
;;;;;;;;;
;;;;;;;;;
;;;;;;;;;
;;;;;;;;;
;;;;;;;;;
;;;;;;;;;
;;;;;;;;;
;;;;;;;;;
;;;;;;;;;
;;;;;;;;;
;;;;;;;;;
;;;;;;;;;
;;;;;;;;;
;;;;;;;;;
;;;;;;;;;
;;;;;;;;;
;;;;;;;;;
;;;;;;;;;
;;;;;;;;;
;;;;;;;;;
;;;;;;;;;
;;;;;;;;;
;;;;;;;;;
;;;;;;;;;
;;;;;;;;;
;;;;;;;;;
;;;;;;;;;
;;;;;;;;;
;;;;;;;;;
;;;;;;;;;
;;;;;;;;;
;;;;;;;;;
;;;;;;;;;
;;;;;;;;;
;;;;;;;;;
;;;;;;;;;
;;;;;;;;;
;;;;;;;;;
;;;;;;;;;
;;;;;;;;;
;;;;;;;;;
;;;;;;;;;
;;;;;;;;;
;;;;;;;;;
;;;;;;;;;
;;;;;;;;;
;;;;;;;;;
;;;;;;;;;
;;;;;;;;;
;;;;;;;;;
;;;;;;;;;
;;;;;;;;;
;;;;;;;;;
;;;;;;;;;
;;;;;;;;;
;;;;;;;;;
;;;;;;;;;
;;;;;;;;;
;;;;;;;;;
;;;;;;;;;
;;;;;;;;;
;;;;;;;;;
;;;;;;;;;
;;;;;;;;;
;;;;;;;;;
;;;;;;;;;
;;;;;;;;;
;;;;;;;;;
;;;;;;;;;
;;;;;;;;;
;;;;;;;;;
;;;;;;;;;
;;;;;;;;;
;;;;;;;;;
;;;;;;;;;
;;;;;;;;;
;;;;;;;;;
;;;;;;;;;
;;;;;;;;;
;;;;;;;;;
;;;;;;;;;
;;;;;;;;;
;;;;;;;;;
;;;;;;;;;
;;;;;;;;;
;;;;;;;;;
;;;;;;;;;
;;;;;;;;;
;;;;;;;;;
;;;;;;;;;
;;;;;;;;;
;;;;;;;;;
;;;;;;;;;
;;;;;;;;;
;;;;;;;;;
;;;;;;;;;
;;;;;;;;;
;;;;;;;;;
;;;;;;;;;
;;;;;;;;;
;;;;;;;;;
;;;;;;;;;
;;;;;;;;;
;;;;;;;;;
;;;;;;;;;
;;;;;;;;;
;;;;;;;;;
;;;;;;;;;
;;;;;;;;;
;;;;;;;;;
;;;;;;;;;
;;;;;;;;;
;;;;;;;;;
;;;;;;;;;
;;;;;;;;;
;;;;;;;;;
;;;;;;;;;
;;;;;;;;;
;;;;;;;;;
;;;;;;;;;
;;;;;;;;;
;;;;;;;;;
;;;;;;;;;
;;;;;;;;;
;;;;;;;;;
;;;;;;;;;
;;;;;;;;;
;;;;;;;;;
;;;;;;;;;
;;;;;;;;;
;;;;;;;;;
;;;;;;;;;
;;;;;;;;;
;;;;;;;;;
;;;;;;;;;
;;;;;;;;;
;;;;;;;;;
;;;;;;;;;
;;;;;;;;;
;;;;;;;;;
;;;;;;;;;
;;;;;;;;;
;;;;;;;;;
;;;;;;;;;
;;;;;;;;;
;;;;;;;;;
;;;;;;;;;
;;;;;;;;;
;;;;;;;;;
;;;;;;;;;
;;;;;;;;;
;;;;;;;;;
;;;;;;;;;
;;;;;;;;;
;;;;;;;;;
;;;;;;;;;
;;;;;;;;;
;;;;;;;;;
;;;;;;;;;
;;;;;;;;;
;;;;;;;;;
;;;;;;;;;
;;;;;;;;;
;;;;;;;;;
;;;;;;;;;
;;;;;;;;;
;;;;;;;;;
;;;;;;;;;
;;;;;;;;;
;;;;;;;;;
;;;;;;;;;
;;;;;;;;;
;;;;;;;;;
;;;;;;;;;
;;;;;;;;;
;;;;;;;;;
;;;;;;;;;
;;;;;;;;;
;;;;;;;;;
;;;;;;;;;
;;;;;;;;;
;;;;;;;;;
;;;;;;;;;
;;;;;;;;;
;;;;;;;;;
;;;;;;;;;
;;;;;;;;;
;;;;;;;;;
;;;;;;;;;
;;;;;;;;;
;;;;;;;;;
;;;;;;;;;
;;;;;;;;;
;;;;;;;;;
;;;;;;;;;
;;;;;;;;;
;;;;;;;;;
;;;;;;;;;
;;;;;;;;;
;;;;;;;;;
;;;;;;;;;
;;;;;;;;;
;;;;;;;;;
;;;;;;;;;
;;;;;;;;;
;;;;;;;;;
;;;;;;;;;
;;;;;;;;;
;;;;;;;;;
;;;;;;;;;
;;;;;;;;;
;;;;;;;;;
;;;;;;;;;
;;;;;;;;;
;;;;;;;;;
;;;;;;;;;
;;;;;;;;;
;;;;;;;;;
;;;;;;;;;
;;;;;;;;;
;;;;;;;;;
;;;;;;;;;
;;;;;;;;;
;;;;;;;;;
;;;;;;;;;
;;;;;;;;;
;;;;;;;;;
;;;;;;;;;
;;;;;;;;;
;;;;;;;;;
;;;;;;;;;
;;;;;;;;;
;;;;;;;;;
;;;;;;;;;
;;;;;;;;;
;;;;;;;;;
;;;;;;;;;
;;;;;;;;;
;;;;;;;;;
;;;;;;;;;
;;;;;;;;;
;;;;;;;;;
;;;;;;;;;
;;;;;;;;;
;;;;;;;;;
;;;;;;;;;
;;;;;;;;;
;;;;;;;;;
;;;;;;;;;
;;;;;;;;;
;;;;;;;;;
;;;;;;;;;
;;;;;;;;;
;;;;;;;;;
;;;;;;;;;
;;;;;;;;;
;;;;;;;;;
;;;;;;;;;
;;;;;;;;;
;;;;;;;;;
;;;;;;;;;
;;;;;;;;;
;;;;;;;;;
;;;;;;;;;
;;;;;;;;;
;;;;;;;;;
;;;;;;;;;
;;;;;;;;;
;;;;;;;;;
;;;;;;;;;
;;;;;;;;;
;;;;;;;;;
;;;;;;;;;
;;;;;;;;;
;;;;;;;;;
;;;;;;;;;
;;;;;;;;;
;;;;;;;;;
;;;;;;;;;
;;;;;;;;;
;;;;;;;;;
;;;;;;;;;
;;;;;;;;;
;;;;;;;;;
;;;;;;;;;
;;;;;;;;;
;;;;;;;;;
;;;;;;;;;
;;;;;;;;;
;;;;;;;;;
;;;;;;;;;
;;;;;;;;;
;;;;;;;;;
;;;;;;;;;
;;;;;;;;;
;;;;;;;;;
;;;;;;;;;
;;;;;;;;;
;;;;;;;;;
;;;;;;;;;
;;;;;;;;;
;;;;;;;;;
;;;;;;;;;
;;;;;;;;;
;;;;;;;;;
;;;;;;;;;
;;;;;;;;;
;;;;;;;;;
;;;;;;;;;
;;;;;;;;;
;;;;;;;;;
;;;;;;;;;
;;;;;;;;;
;;;;;;;;;
;;;;;;;;;
;;;;;;;;;
;;;;;;;;;
;;;;;;;;;
;;;;;;;;;
;;;;;;;;;
;;;;;;;;;
;;;;;;;;;
;;;;;;;;;
;;;;;;;;;
;;;;;;;;;
;;;;;;;;;
;;;;;;;;;
;;;;;;;;;
;;;;;;;;;
;;;;;;;;;
;;;;;;;;;
;;;;;;;;;
;;;;;;;;;
;;;;;;;;;
;;;;;;;;;
;;;;;;;;;
;;;;;;;;;
;;;;;;;;;
;;;;;;;;;
;;;;;;;;;
;;;;;;;;;
;;;;;;;;;
;;;;;;;;;
;;;;;;;;;
;;;;;;;;;
;;;;;;;;;
;;;;;;;;;
;;;;;;;;;
;;;;;;;;;
;;;;;;;;;
;;;;;;;;;
;;;;;;;;;
;;;;;;;;;
;;;;;;;;;
;;;;;;;;;
;;;;;;;;;
;;;;;;;;;
;;;;;;;;;
;;;;;;;;;
;;;;;;;;;
;;;;;;;;;
;;;;;;;;;
;;;;;;;;;
;;;;;;;;;
;;;;;;;;;
;;;;;;;;;
;;;;;;;;;
;;;;;;;;;
;;;;;;;;;
;;;;;;;;;
;;;;;;;;;
;;;;;;;;;
;;;;;;;;;
;;;;;;;;;
;;;;;;;;;
;;;;;;;;;
;;;;;;;;;
;;;;;;;;;
;;;;;;;;;
;;;;;;;;;
;;;;;;;;;
;;;;;;;;;
;;;;;;;;;
;;;;;;;;;
;;;;;;;;;
;;;;;;;;;
;;;;;;;;;
;;;;;;;;;
;;;;;;;;;
;;;;;;;;;
;;;;;;;;;
;;;;;;;;;
;;;;;;;;;
;;;;;;;;;
;;;;;;;;;
;;;;;;;;;
;;;;;;;;;
;;;;;;;;;
;;;;;;;;;
;;;;;;;;;
;;;;;;;;;
;;;;;;;;;
;;;;;;;;;
;;;;;;;;;
;;;;;;;;;
;;;;;;;;;
;;;;;;;;;
;;;;;;;;;
;;;;;;;;;
;;;;;;;;;
;;;;;;;;;
;;;;;;;;;
;;;;;;;;;
;;;;;;;;;
;;;;;;;;;
;;;;;;;;;
;;;;;;;;;
;;;;;;;;;
;;;;;;;;;
;;;;;;;;;
;;;;;;;;;
;;;;;;;;;
;;;;;;;;;
;;;;;;;;;
;;;;;;;;;
;;;;;;;;;
;;;;;;;;;
;;;;;;;;;
;;;;;;;;;
;;;;;;;;;
;;;;;;;;;
;;;;;;;;;
;;;;;;;;;
;;;;;;;;;
;;;;;;;;;
;;;;;;;;;
;;;;;;;;;
;;;;;;;;;
;;;;;;;;;
;;;;;;;;;
;;;;;;;;;
;;;;;;;;;
;;;;;;;;;
;;;;;;;;;
;;;;;;;;;
;;;;;;;;;
;;;;;;;;;
;;;;;;;;;
;;;;;;;;;
;;;;;;;;;
;;;;;;;;;
;;;;;;;;;
;;;;;;;;;
;;;;;;;;;
;;;;;;;;;
;;;;;;;;;
;;;;;;;;;
;;;;;;;;;
;;;;;;;;;
;;;;;;;;;
;;;;;;;;;
;;;;;;;;;
;;;;;;;;;
;;;;;;;;;
;;;;;;;;;
;;;;;;;;;
;;;;;;;;;
;;;;;;;;;
;;;;;;;;;
;;;;;;;;;
;;;;;;;;;
;;;;;;;;;
;;;;;;;;;
;;;;;;;;;
;;;;;;;;;
;;;;;;;;;
;;;;;;;;;
;;;;;;;;;
;;;;;;;;;
;;;;;;;;;
;;;;;;;;;
;;;;;;;;;
;;;;;;;;;
;;;;;;;;;
;;;;;;;;;
;;;;;;;;;
;;;;;;;;;
;;;;;;;;;